Record Length,2500,Points,-475.999986520E-6,-500.000000000E-3,
Sample Interval,400.00000467E-9,s,-475.599983474E-6,-500.000000000E-3,
Trigger Point,1.1900000E3,Samples,-475.199980428E-6,-519.999980927E-3,
,,,-474.799977383E-6,-519.999980927E-3,
,,,-474.399974337E-6,-519.999980927E-3,
,,,-474.000000395E-6,-560.000002384E-3,
Source,CH1,,-473.599997349E-6,-519.999980927E-3,
Vertical Units,Volts,,-473.199994303E-6,-539.999961853E-3,
Vertical Scale,499.999988824E-3,,-472.799991257E-6,-560.000002384E-3,
Vertical Offset,0,,-472.399988212E-6,-579.999983311E-3,
Horizontal Units,s,,-471.999985166E-6,-560.000002384E-3,
Horizontal Scale,100.0000012E-6,,-471.599982120E-6,-539.999961853E-3,
Pt Fmt,Y,,-471.199979074E-6,-560.000002384E-3,
Yzero,40.00000000E-3,,-470.799976029E-6,-579.999983311E-3,
Probe Atten,1.000000,,-470.399972983E-6,-579.999983311E-3,
,,,-469.999999041E-6,-599.999964237E-3,
Note,TDS 2012B - 9:04:49 a. m.   31/07/2025,,-469.599995995E-6,-639.999985695E-3,
,,,-469.199992949E-6,-620.000004768E-3,
,,,-468.799989903E-6,-620.000004768E-3,
,,,-468.399986858E-6,-599.999964237E-3,
,,,-467.999983812E-6,-599.999964237E-3,
,,,-467.599980766E-6,-620.000004768E-3,
,,,-467.199977720E-6,-639.999985695E-3,
,,,-466.799974674E-6,-620.000004768E-3,
,,,-466.400000732E-6,-659.999966621E-3,
,,,-465.999997687E-6,-680.000007153E-3,
,,,-465.599994641E-6,-659.999966621E-3,
,,,-465.199991595E-6,-639.999985695E-3,
,,,-464.799988549E-6,-659.999966621E-3,
,,,-464.399985503E-6,-680.000007153E-3,
,,,-463.999982458E-6,-699.999988079E-3,
,,,-463.599979412E-6,-699.999988079E-3,
,,,-463.199976366E-6,-680.000007153E-3,
,,,-462.799973320E-6,-659.999966621E-3,
,,,-462.399999378E-6,-740.000009537E-3,
,,,-461.999996332E-6,-719.999969006E-3,
,,,-461.599993287E-6,-680.000007153E-3,
,,,-461.199990241E-6,-740.000009537E-3,
,,,-460.799987195E-6,-740.000009537E-3,
,,,-460.399984149E-6,-740.000009537E-3,
,,,-459.999981103E-6,-719.999969006E-3,
,,,-459.599978058E-6,-740.000009537E-3,
,,,-459.199975012E-6,-759.999990463E-3,
,,,-458.799971966E-6,-759.999990463E-3,
,,,-458.399998024E-6,-759.999990463E-3,
,,,-457.999994978E-6,-799.999952316E-3,
,,,-457.599991933E-6,-740.000009537E-3,
,,,-457.199988887E-6,-799.999952316E-3,
,,,-456.799985841E-6,-759.999990463E-3,
,,,-456.399982795E-6,-799.999952316E-3,
,,,-455.999979749E-6,-779.999971390E-3,
,,,-455.599976704E-6,-799.999952316E-3,
,,,-455.199973658E-6,-779.999971390E-3,
,,,-454.799999716E-6,-799.999952316E-3,
,,,-454.399996670E-6,-779.999971390E-3,
,,,-453.999993624E-6,-799.999952316E-3,
,,,-453.599990578E-6,-799.999952316E-3,
,,,-453.199987533E-6,-799.999952316E-3,
,,,-452.799984487E-6,-839.999973774E-3,
,,,-452.399981441E-6,-859.999954700E-3,
,,,-451.999978395E-6,-839.999973774E-3,
,,,-451.599975349E-6,-859.999954700E-3,
,,,-451.199972304E-6,-839.999973774E-3,
,,,-450.799998362E-6,-879.999995232E-3,
,,,-450.399995316E-6,-859.999954700E-3,
,,,-449.999992270E-6,-859.999954700E-3,
,,,-449.599989224E-6,-859.999954700E-3,
,,,-449.199986178E-6,-859.999954700E-3,
,,,-448.799983133E-6,-859.999954700E-3,
,,,-448.399980087E-6,-899.999976158E-3,
,,,-447.999977041E-6,-859.999954700E-3,
,,,-447.599973995E-6,-919.999957085E-3,
,,,-447.200000053E-6,-879.999995232E-3,
,,,-446.799997007E-6,-899.999976158E-3,
,,,-446.399993962E-6,-859.999954700E-3,
,,,-445.999990916E-6,-899.999976158E-3,
,,,-445.599987870E-6,-879.999995232E-3,
,,,-445.199984824E-6,-899.999976158E-3,
,,,-444.799981778E-6,-899.999976158E-3,
,,,-444.399978733E-6,-919.999957085E-3,
,,,-443.999975687E-6,-919.999957085E-3,
,,,-443.599972641E-6,-879.999995232E-3,
,,,-443.199998699E-6,-939.999997616E-3,
,,,-442.799995653E-6,-939.999997616E-3,
,,,-442.399992608E-6,-939.999997616E-3,
,,,-441.999989562E-6,-919.999957085E-3,
,,,-441.599986516E-6,-939.999997616E-3,
,,,-441.199983470E-6,-899.999976158E-3,
,,,-440.799980424E-6,-959.999978542E-3,
,,,-440.399977379E-6,-919.999957085E-3,
,,,-439.999974333E-6,-939.999997616E-3,
,,,-439.600000391E-6,-959.999978542E-3,
,,,-439.199997345E-6,-1.000000,
,,,-438.799994299E-6,-919.999957085E-3,
,,,-438.399991253E-6,-959.999978542E-3,
,,,-437.999988208E-6,-939.999997616E-3,
,,,-437.599985162E-6,-959.999978542E-3,
,,,-437.199982116E-6,-919.999957085E-3,
,,,-436.799979070E-6,-959.999978542E-3,
,,,-436.399976024E-6,-939.999997616E-3,
,,,-435.999972979E-6,-979.999959469E-3,
,,,-435.599999037E-6,-959.999978542E-3,
,,,-435.199995991E-6,-959.999978542E-3,
,,,-434.799992945E-6,-1.000000,
,,,-434.399989899E-6,-1.000000,
,,,-433.999986853E-6,-959.999978542E-3,
,,,-433.599983808E-6,-959.999978542E-3,
,,,-433.199980762E-6,-979.999959469E-3,
,,,-432.799977716E-6,-1.000000,
,,,-432.399974670E-6,-1.000000,
,,,-431.999971624E-6,-939.999997616E-3,
,,,-431.599997682E-6,-979.999959469E-3,
,,,-431.199994637E-6,-1.000000,
,,,-430.799991591E-6,-979.999959469E-3,
,,,-430.399988545E-6,-1.0400000,
,,,-429.999985499E-6,-979.999959469E-3,
,,,-429.599982454E-6,-979.999959469E-3,
,,,-429.199979408E-6,-979.999959469E-3,
,,,-428.799976362E-6,-979.999959469E-3,
,,,-428.399973316E-6,-1.0200000,
,,,-427.999999374E-6,-979.999959469E-3,
,,,-427.599996328E-6,-1.0400000,
,,,-427.199993283E-6,-1.000000,
,,,-426.799990237E-6,-1.000000,
,,,-426.399987191E-6,-1.0400000,
,,,-425.999984145E-6,-1.0200000,
,,,-425.599981099E-6,-1.000000,
,,,-425.199978054E-6,-1.0200000,
,,,-424.799975008E-6,-1.000000,
,,,-424.399971962E-6,-1.0200000,
,,,-423.999998020E-6,-1.0200000,
,,,-423.599994974E-6,-1.000000,
,,,-423.199991928E-6,-979.999959469E-3,
,,,-422.799988883E-6,-1.0200000,
,,,-422.399985837E-6,-1.0200000,
,,,-421.999982791E-6,-979.999959469E-3,
,,,-421.599979745E-6,-1.000000,
,,,-421.199976699E-6,-1.0200000,
,,,-420.799973654E-6,-1.0200000,
,,,-420.399999712E-6,-1.000000,
,,,-419.999996666E-6,-1.000000,
,,,-419.599993620E-6,-1.0200000,
,,,-419.199990574E-6,-1.0200000,
,,,-418.799987528E-6,-1.000000,
,,,-418.399984483E-6,-1.0200000,
,,,-417.999981437E-6,-1.000000,
,,,-417.599978391E-6,-1.0200000,
,,,-417.199975345E-6,-979.999959469E-3,
,,,-416.799972299E-6,-1.0400000,
,,,-416.399998358E-6,-979.999959469E-3,
,,,-415.999995312E-6,-1.000000,
,,,-415.599992266E-6,-1.0200000,
,,,-415.199989220E-6,-979.999959469E-3,
,,,-414.799986174E-6,-1.000000,
,,,-414.399983129E-6,-1.000000,
,,,-413.999980083E-6,-979.999959469E-3,
,,,-413.599977037E-6,-1.000000,
,,,-413.199973991E-6,-1.0200000,
,,,-412.800000049E-6,-1.0400000,
,,,-412.399997003E-6,-979.999959469E-3,
,,,-411.999993958E-6,-1.0200000,
,,,-411.599990912E-6,-1.000000,
,,,-411.199987866E-6,-1.0200000,
,,,-410.799984820E-6,-1.000000,
,,,-410.399981774E-6,-1.000000,
,,,-409.999978729E-6,-979.999959469E-3,
,,,-409.599975683E-6,-1.000000,
,,,-409.199972637E-6,-1.000000,
,,,-408.799998695E-6,-1.000000,
,,,-408.399995649E-6,-1.000000,
,,,-407.999992603E-6,-1.0200000,
,,,-407.599989558E-6,-979.999959469E-3,
,,,-407.199986512E-6,-1.000000,
,,,-406.799983466E-6,-1.000000,
,,,-406.399980420E-6,-979.999959469E-3,
,,,-405.999977374E-6,-979.999959469E-3,
,,,-405.599974329E-6,-959.999978542E-3,
,,,-405.199971283E-6,-979.999959469E-3,
,,,-404.799997341E-6,-959.999978542E-3,
,,,-404.399994295E-6,-979.999959469E-3,
,,,-403.999991249E-6,-939.999997616E-3,
,,,-403.599988203E-6,-959.999978542E-3,
,,,-403.19998516E-6,-979.999959469E-3,
,,,-402.79998211E-6,-979.999959469E-3,
,,,-402.39997907E-6,-939.999997616E-3,
,,,-401.99997602E-6,-959.999978542E-3,
,,,-401.59997297E-6,-939.999997616E-3,
,,,-401.19999903E-6,-959.999978542E-3,
,,,-400.79999599E-6,-939.999997616E-3,
,,,-400.39999294E-6,-959.999978542E-3,
,,,-399.99998990E-6,-959.999978542E-3,
,,,-399.59998685E-6,-979.999959469E-3,
,,,-399.19998380E-6,-919.999957085E-3,
,,,-398.79998076E-6,-959.999978542E-3,
,,,-398.39997771E-6,-919.999957085E-3,
,,,-397.99997467E-6,-919.999957085E-3,
,,,-397.59997162E-6,-919.999957085E-3,
,,,-397.19999768E-6,-899.999976158E-3,
,,,-396.79999463E-6,-899.999976158E-3,
,,,-396.39999159E-6,-939.999997616E-3,
,,,-395.99998854E-6,-899.999976158E-3,
,,,-395.59998550E-6,-939.999997616E-3,
,,,-395.19998245E-6,-899.999976158E-3,
,,,-394.79997940E-6,-939.999997616E-3,
,,,-394.39997636E-6,-879.999995232E-3,
,,,-393.99997331E-6,-879.999995232E-3,
,,,-393.59999937E-6,-899.999976158E-3,
,,,-393.19999632E-6,-899.999976158E-3,
,,,-392.79999328E-6,-899.999976158E-3,
,,,-392.39999023E-6,-879.999995232E-3,
,,,-391.99998719E-6,-839.999973774E-3,
,,,-391.59998414E-6,-899.999976158E-3,
,,,-391.19998110E-6,-859.999954700E-3,
,,,-390.79997805E-6,-859.999954700E-3,
,,,-390.39997500E-6,-879.999995232E-3,
,,,-389.99997196E-6,-839.999973774E-3,
,,,-389.59999802E-6,-819.999992847E-3,
,,,-389.19999497E-6,-819.999992847E-3,
,,,-388.79999192E-6,-819.999992847E-3,
,,,-388.39998888E-6,-819.999992847E-3,
,,,-387.99998583E-6,-839.999973774E-3,
,,,-387.59998279E-6,-819.999992847E-3,
,,,-387.19997974E-6,-819.999992847E-3,
,,,-386.79997670E-6,-819.999992847E-3,
,,,-386.39997365E-6,-839.999973774E-3,
,,,-385.99999971E-6,-799.999952316E-3,
,,,-385.59999666E-6,-839.999973774E-3,
,,,-385.19999362E-6,-799.999952316E-3,
,,,-384.79999057E-6,-799.999952316E-3,
,,,-384.39998752E-6,-799.999952316E-3,
,,,-383.99998448E-6,-779.999971390E-3,
,,,-383.59998143E-6,-759.999990463E-3,
,,,-383.19997839E-6,-779.999971390E-3,
,,,-382.79997534E-6,-799.999952316E-3,
,,,-382.39997230E-6,-740.000009537E-3,
,,,-381.99999835E-6,-759.999990463E-3,
,,,-381.59999531E-6,-759.999990463E-3,
,,,-381.19999226E-6,-740.000009537E-3,
,,,-380.79998922E-6,-740.000009537E-3,
,,,-380.39998617E-6,-740.000009537E-3,
,,,-379.99998312E-6,-719.999969006E-3,
,,,-379.59998008E-6,-740.000009537E-3,
,,,-379.19997703E-6,-699.999988079E-3,
,,,-378.79997399E-6,-740.000009537E-3,
,,,-378.39997094E-6,-740.000009537E-3,
,,,-377.99999700E-6,-719.999969006E-3,
,,,-377.59999395E-6,-699.999988079E-3,
,,,-377.19999091E-6,-719.999969006E-3,
,,,-376.79998786E-6,-680.000007153E-3,
,,,-376.39998482E-6,-680.000007153E-3,
,,,-375.99998177E-6,-680.000007153E-3,
,,,-375.59997872E-6,-680.000007153E-3,
,,,-375.19997568E-6,-680.000007153E-3,
,,,-374.79997263E-6,-659.999966621E-3,
,,,-374.39999869E-6,-659.999966621E-3,
,,,-373.99999565E-6,-639.999985695E-3,
,,,-373.59999260E-6,-639.999985695E-3,
,,,-373.19998955E-6,-680.000007153E-3,
,,,-372.79998651E-6,-620.000004768E-3,
,,,-372.39998346E-6,-620.000004768E-3,
,,,-371.99998042E-6,-620.000004768E-3,
,,,-371.59997737E-6,-599.999964237E-3,
,,,-371.19997432E-6,-599.999964237E-3,
,,,-370.79997128E-6,-620.000004768E-3,
,,,-370.39999734E-6,-579.999983311E-3,
,,,-369.99999429E-6,-599.999964237E-3,
,,,-369.59999125E-6,-599.999964237E-3,
,,,-369.19998820E-6,-579.999983311E-3,
,,,-368.79998515E-6,-579.999983311E-3,
,,,-368.39998211E-6,-579.999983311E-3,
,,,-367.99997906E-6,-560.000002384E-3,
,,,-367.59997602E-6,-560.000002384E-3,
,,,-367.19997297E-6,-560.000002384E-3,
,,,-366.79999903E-6,-519.999980927E-3,
,,,-366.39999598E-6,-519.999980927E-3,
,,,-365.99999294E-6,-519.999980927E-3,
,,,-365.59998989E-6,-519.999980927E-3,
,,,-365.19998685E-6,-519.999980927E-3,
,,,-364.79998380E-6,-519.999980927E-3,
,,,-364.39998075E-6,-479.999989271E-3,
,,,-363.99997771E-6,-479.999989271E-3,
,,,-363.59997466E-6,-500.000000000E-3,
,,,-363.19997162E-6,-479.999989271E-3,
,,,-362.79999767E-6,-479.999989271E-3,
,,,-362.39999463E-6,-500.000000000E-3,
,,,-361.99999158E-6,-459.999978542E-3,
,,,-361.59998854E-6,-479.999989271E-3,
,,,-361.19998549E-6,-459.999978542E-3,
,,,-360.79998245E-6,-419.999986887E-3,
,,,-360.39997940E-6,-479.999989271E-3,
,,,-359.99997635E-6,-459.999978542E-3,
,,,-359.59997331E-6,-419.999986887E-3,
,,,-359.19999937E-6,-479.999989271E-3,
,,,-358.79999632E-6,-399.99997616E-3,
,,,-358.39999327E-6,-419.999986887E-3,
,,,-357.99999023E-6,-399.99997616E-3,
,,,-357.59998718E-6,-359.99998450E-3,
,,,-357.19998414E-6,-379.99999523E-3,
,,,-356.79998109E-6,-379.99999523E-3,
,,,-356.39997805E-6,-359.99998450E-3,
,,,-355.99997500E-6,-379.99999523E-3,
,,,-355.59997195E-6,-359.99998450E-3,
,,,-355.19999801E-6,-359.99998450E-3,
,,,-354.79999497E-6,-340.00000358E-3,
,,,-354.39999192E-6,-340.00000358E-3,
,,,-353.99998887E-6,-340.00000358E-3,
,,,-353.59998583E-6,-359.99998450E-3,
,,,-353.19998278E-6,-299.99998212E-3,
,,,-352.79997974E-6,-280.00000119E-3,
,,,-352.39997669E-6,-280.00000119E-3,
,,,-351.99997365E-6,-280.00000119E-3,
,,,-351.59997060E-6,-299.99998212E-3,
,,,-351.19999666E-6,-259.99999046E-3,
,,,-350.79999361E-6,-259.99999046E-3,
,,,-350.39999057E-6,-259.99999046E-3,
,,,-349.99998752E-6,-239.99999464E-3,
,,,-349.59998447E-6,-239.99999464E-3,
,,,-349.19998143E-6,-259.99999046E-3,
,,,-348.79997838E-6,-219.99999881E-3,
,,,-348.39997534E-6,-199.99998808E-3,
,,,-347.99997229E-6,-179.99999225E-3,
,,,-347.59999835E-6,-199.99998808E-3,
,,,-347.19999530E-6,-219.99999881E-3,
,,,-346.79999226E-6,-219.99999881E-3,
,,,-346.39998921E-6,-199.99998808E-3,
,,,-345.99998617E-6,-179.99999225E-3,
,,,-345.59998312E-6,-179.99999225E-3,
,,,-345.19998007E-6,-179.99999225E-3,
,,,-344.79997703E-6,-179.99999225E-3,
,,,-344.39997398E-6,-140.0000006E-3,
,,,-343.99997094E-6,-99.999994040E-3,
,,,-343.59999700E-6,-140.0000006E-3,
,,,-343.19999395E-6,-140.0000006E-3,
,,,-342.79999090E-6,-119.9999973E-3,
,,,-342.39998786E-6,-119.9999973E-3,
,,,-341.99998481E-6,-59.999998659E-3,
,,,-341.59998177E-6,-79.999998212E-3,
,,,-341.19997872E-6,-59.999998659E-3,
,,,-340.79997567E-6,-79.999998212E-3,
,,,-340.39997263E-6,-79.999998212E-3,
,,,-339.99999869E-6,-79.999998212E-3,
,,,-339.59999564E-6,-39.99999911E-3,
,,,-339.19999260E-6,-59.999998659E-3,
,,,-338.79998955E-6,-39.99999911E-3,
,,,-338.39998650E-6,-59.999998659E-3,
,,,-337.99998346E-6,-19.9999996E-3,
,,,-337.59998041E-6,-19.9999996E-3,
,,,-337.19997737E-6,-19.9999996E-3,
,,,-336.79997432E-6,19.9999996E-3,
,,,-336.39997127E-6,19.9999996E-3,
,,,-335.99999733E-6,0.0,
,,,-335.59999429E-6,39.99999911E-3,
,,,-335.19999124E-6,39.99999911E-3,
,,,-334.79998820E-6,39.99999911E-3,
,,,-334.39998515E-6,59.999998659E-3,
,,,-333.99998210E-6,59.999998659E-3,
,,,-333.59997906E-6,59.999998659E-3,
,,,-333.19997601E-6,79.999998212E-3,
,,,-332.79997297E-6,59.999998659E-3,
,,,-332.39999902E-6,99.999994040E-3,
,,,-331.99999598E-6,99.999994040E-3,
,,,-331.59999293E-6,99.999994040E-3,
,,,-331.19998989E-6,99.999994040E-3,
,,,-330.79998684E-6,119.9999973E-3,
,,,-330.39998380E-6,140.0000006E-3,
,,,-329.99998075E-6,140.0000006E-3,
,,,-329.59997770E-6,140.0000006E-3,
,,,-329.19997466E-6,159.99999642E-3,
,,,-328.79997161E-6,159.99999642E-3,
,,,-328.39999767E-6,159.99999642E-3,
,,,-327.99999462E-6,159.99999642E-3,
,,,-327.59999158E-6,159.99999642E-3,
,,,-327.19998853E-6,199.99998808E-3,
,,,-326.79998549E-6,219.99999881E-3,
,,,-326.39998244E-6,219.99999881E-3,
,,,-325.99997940E-6,199.99998808E-3,
,,,-325.59997635E-6,219.99999881E-3,
,,,-325.19997330E-6,219.99999881E-3,
,,,-324.79997026E-6,219.99999881E-3,
,,,-324.39999632E-6,239.99999464E-3,
,,,-323.99999327E-6,219.99999881E-3,
,,,-323.59999022E-6,259.99999046E-3,
,,,-323.19998718E-6,259.99999046E-3,
,,,-322.79998413E-6,280.00000119E-3,
,,,-322.39998109E-6,299.99998212E-3,
,,,-321.99997804E-6,280.00000119E-3,
,,,-321.59997500E-6,299.99998212E-3,
,,,-321.19997195E-6,280.00000119E-3,
,,,-320.79999801E-6,319.99999285E-3,
,,,-320.39999496E-6,319.99999285E-3,
,,,-319.99999192E-6,319.99999285E-3,
,,,-319.59998887E-6,319.99999285E-3,
,,,-319.19998582E-6,319.99999285E-3,
,,,-318.79998278E-6,340.00000358E-3,
,,,-318.39997973E-6,359.99998450E-3,
,,,-317.99997669E-6,379.99999523E-3,
,,,-317.59997364E-6,399.99997616E-3,
,,,-317.19997060E-6,359.99998450E-3,
,,,-316.79999665E-6,399.99997616E-3,
,,,-316.39999361E-6,359.99998450E-3,
,,,-315.99999056E-6,379.99999523E-3,
,,,-315.59998752E-6,399.99997616E-3,
,,,-315.19998447E-6,399.99997616E-3,
,,,-314.79998142E-6,439.999997616E-3,
,,,-314.39997838E-6,419.999986887E-3,
,,,-313.99997533E-6,399.99997616E-3,
,,,-313.59997229E-6,439.999997616E-3,
,,,-313.19999835E-6,459.999978542E-3,
,,,-312.79999530E-6,459.999978542E-3,
,,,-312.39999225E-6,439.999997616E-3,
,,,-311.99998921E-6,479.999989271E-3,
,,,-311.59998616E-6,479.999989271E-3,
,,,-311.19998312E-6,479.999989271E-3,
,,,-310.79998007E-6,479.999989271E-3,
,,,-310.39997702E-6,519.999980927E-3,
,,,-309.99997398E-6,479.999989271E-3,
,,,-309.59997093E-6,500.000000000E-3,
,,,-309.19999699E-6,500.000000000E-3,
,,,-308.79999395E-6,500.000000000E-3,
,,,-308.39999090E-6,539.999961853E-3,
,,,-307.99998785E-6,519.999980927E-3,
,,,-307.59998481E-6,539.999961853E-3,
,,,-307.19998176E-6,539.999961853E-3,
,,,-306.79997872E-6,560.000002384E-3,
,,,-306.39997567E-6,560.000002384E-3,
,,,-305.99997262E-6,560.000002384E-3,
,,,-305.59999868E-6,539.999961853E-3,
,,,-305.19999564E-6,599.999964237E-3,
,,,-304.79999259E-6,599.999964237E-3,
,,,-304.39998955E-6,599.999964237E-3,
,,,-303.99998650E-6,599.999964237E-3,
,,,-303.59998345E-6,599.999964237E-3,
,,,-303.19998041E-6,620.000004768E-3,
,,,-302.79997736E-6,620.000004768E-3,
,,,-302.39997432E-6,639.999985695E-3,
,,,-301.99997127E-6,599.999964237E-3,
,,,-301.59999733E-6,659.999966621E-3,
,,,-301.19999428E-6,620.000004768E-3,
,,,-300.79999124E-6,680.000007153E-3,
,,,-300.39998819E-6,639.999985695E-3,
,,,-299.99998515E-6,639.999985695E-3,
,,,-299.59998210E-6,680.000007153E-3,
,,,-299.19997905E-6,699.999988079E-3,
,,,-298.79997601E-6,680.000007153E-3,
,,,-298.39997296E-6,659.999966621E-3,
,,,-297.99996992E-6,699.999988079E-3,
,,,-297.59999597E-6,699.999988079E-3,
,,,-297.19999293E-6,699.999988079E-3,
,,,-296.79998988E-6,699.999988079E-3,
,,,-296.39998684E-6,699.999988079E-3,
,,,-295.99998379E-6,719.999969006E-3,
,,,-295.59998075E-6,719.999969006E-3,
,,,-295.19997770E-6,699.999988079E-3,
,,,-294.79997465E-6,740.000009537E-3,
,,,-294.39997161E-6,719.999969006E-3,
,,,-293.99999767E-6,740.000009537E-3,
,,,-293.59999462E-6,759.999990463E-3,
,,,-293.19999157E-6,740.000009537E-3,
,,,-292.79998853E-6,740.000009537E-3,
,,,-292.39998548E-6,759.999990463E-3,
,,,-291.99998244E-6,759.999990463E-3,
,,,-291.59997939E-6,759.999990463E-3,
,,,-291.19997635E-6,779.999971390E-3,
,,,-290.79997330E-6,799.999952316E-3,
,,,-290.39997025E-6,759.999990463E-3,
,,,-289.99999631E-6,759.999990463E-3,
,,,-289.59999327E-6,799.999952316E-3,
,,,-289.19999022E-6,799.999952316E-3,
,,,-288.79998717E-6,799.999952316E-3,
,,,-288.39998413E-6,799.999952316E-3,
,,,-287.99998108E-6,799.999952316E-3,
,,,-287.59997804E-6,799.999952316E-3,
,,,-287.19997499E-6,839.999973774E-3,
,,,-286.79997195E-6,819.999992847E-3,
,,,-286.39999800E-6,819.999992847E-3,
,,,-285.99999496E-6,839.999973774E-3,
,,,-285.59999191E-6,859.999954700E-3,
,,,-285.19998887E-6,859.999954700E-3,
,,,-284.79998582E-6,859.999954700E-3,
,,,-284.39998277E-6,859.999954700E-3,
,,,-283.99997973E-6,859.999954700E-3,
,,,-283.59997668E-6,859.999954700E-3,
,,,-283.19997364E-6,879.999995232E-3,
,,,-282.79997059E-6,879.999995232E-3,
,,,-282.39999665E-6,879.999995232E-3,
,,,-281.99999360E-6,899.999976158E-3,
,,,-281.59999056E-6,879.999995232E-3,
,,,-281.19998751E-6,879.999995232E-3,
,,,-280.79998447E-6,899.999976158E-3,
,,,-280.39998142E-6,899.999976158E-3,
,,,-279.99997837E-6,899.999976158E-3,
,,,-279.59997533E-6,899.999976158E-3,
,,,-279.19997228E-6,879.999995232E-3,
,,,-278.79999834E-6,939.999997616E-3,
,,,-278.39999530E-6,939.999997616E-3,
,,,-277.99999225E-6,919.999957085E-3,
,,,-277.59998920E-6,919.999957085E-3,
,,,-277.19998616E-6,939.999997616E-3,
,,,-276.79998311E-6,939.999997616E-3,
,,,-276.39998007E-6,919.999957085E-3,
,,,-275.99997702E-6,939.999997616E-3,
,,,-275.59997397E-6,939.999997616E-3,
,,,-275.19997093E-6,959.999978542E-3,
,,,-274.79999699E-6,939.999997616E-3,
,,,-274.39999394E-6,919.999957085E-3,
,,,-273.99999090E-6,959.999978542E-3,
,,,-273.59998785E-6,939.999997616E-3,
,,,-273.19998480E-6,979.999959469E-3,
,,,-272.79998176E-6,959.999978542E-3,
,,,-272.39997871E-6,979.999959469E-3,
,,,-271.99997567E-6,979.999959469E-3,
,,,-271.59997262E-6,959.999978542E-3,
,,,-271.19996957E-6,979.999959469E-3,
,,,-270.79999563E-6,959.999978542E-3,
,,,-270.39999259E-6,979.999959469E-3,
,,,-269.99998954E-6,959.999978542E-3,
,,,-269.59998650E-6,1.000000,
,,,-269.19998345E-6,979.999959469E-3,
,,,-268.79998040E-6,979.999959469E-3,
,,,-268.39997736E-6,959.999978542E-3,
,,,-267.99997431E-6,979.999959469E-3,
,,,-267.59997127E-6,1.000000,
,,,-267.19999732E-6,979.999959469E-3,
,,,-266.79999428E-6,979.999959469E-3,
,,,-266.39999123E-6,959.999978542E-3,
,,,-265.99998819E-6,1.000000,
,,,-265.59998514E-6,1.000000,
,,,-265.19998210E-6,1.000000,
,,,-264.79997905E-6,979.999959469E-3,
,,,-264.39997600E-6,1.0400000,
,,,-263.99997296E-6,1.0200000,
,,,-263.59996991E-6,1.0200000,
,,,-263.19999597E-6,1.000000,
,,,-262.79999292E-6,1.0200000,
,,,-262.39998988E-6,1.000000,
,,,-261.99998683E-6,1.0200000,
,,,-261.59998379E-6,1.0200000,
,,,-261.19998074E-6,1.0200000,
,,,-260.79997770E-6,1.0200000,
,,,-260.39997465E-6,1.000000,
,,,-259.99997160E-6,1.000000,
,,,-259.59999766E-6,1.000000,
,,,-259.19999462E-6,1.000000,
,,,-258.79999157E-6,1.0200000,
,,,-258.39998852E-6,1.000000,
,,,-257.99998548E-6,1.0200000,
,,,-257.59998243E-6,1.0200000,
,,,-257.19997939E-6,1.0200000,
,,,-256.79997634E-6,1.000000,
,,,-256.39997330E-6,1.0400000,
,,,-255.99997025E-6,1.0599999,
,,,-255.59999631E-6,1.0200000,
,,,-255.19999326E-6,1.000000,
,,,-254.79999022E-6,1.000000,
,,,-254.39998717E-6,1.0200000,
,,,-253.99998412E-6,1.0200000,
,,,-253.59998108E-6,1.0200000,
,,,-253.19997803E-6,1.000000,
,,,-252.79997499E-6,1.0400000,
,,,-252.39997194E-6,1.0200000,
,,,-251.99999800E-6,1.000000,
,,,-251.59999495E-6,1.0400000,
,,,-251.19999191E-6,1.0400000,
,,,-250.79998886E-6,1.0200000,
,,,-250.39998582E-6,1.0400000,
,,,-249.99998277E-6,1.0200000,
,,,-249.59997972E-6,1.0400000,
,,,-249.19997668E-6,1.0200000,
,,,-248.79997363E-6,1.000000,
,,,-248.39997059E-6,1.0200000,
,,,-247.99999665E-6,1.0200000,
,,,-247.59999360E-6,1.0400000,
,,,-247.19999055E-6,1.0400000,
,,,-246.79998751E-6,1.0200000,
,,,-246.39998446E-6,1.000000,
,,,-245.99998142E-6,1.000000,
,,,-245.59997837E-6,1.000000,
,,,-245.19997532E-6,1.000000,
,,,-244.79997228E-6,1.0200000,
,,,-244.39999834E-6,1.0200000,
,,,-243.99998074E-6,1.0200000,
,,,-243.59997769E-6,1.0200000,
,,,-243.19998920E-6,1.0200000,
,,,-242.79998615E-6,1.000000,
,,,-242.39998311E-6,1.0200000,
,,,-241.99998006E-6,979.999959469E-3,
,,,-241.59997702E-6,1.000000,
,,,-241.19998852E-6,1.0400000,
,,,-240.79998548E-6,1.0200000,
,,,-240.39998243E-6,979.999959469E-3,
,,,-239.99997939E-6,979.999959469E-3,
,,,-239.59999089E-6,979.999959469E-3,
,,,-239.19998785E-6,979.999959469E-3,
,,,-238.79998480E-6,979.999959469E-3,
,,,-238.39998175E-6,1.0200000,
,,,-237.99997871E-6,1.0200000,
,,,-237.59999021E-6,979.999959469E-3,
,,,-237.19998717E-6,939.999997616E-3,
,,,-236.79998412E-6,1.000000,
,,,-236.39998108E-6,979.999959469E-3,
,,,-235.99997803E-6,979.999959469E-3,
,,,-235.59998954E-6,979.999959469E-3,
,,,-235.19998649E-6,939.999997616E-3,
,,,-234.79998345E-6,959.999978542E-3,
,,,-234.39998040E-6,979.999959469E-3,
,,,-233.99997735E-6,959.999978542E-3,
,,,-233.59998886E-6,959.999978542E-3,
,,,-233.19998581E-6,939.999997616E-3,
,,,-232.79998277E-6,939.999997616E-3,
,,,-232.39997972E-6,959.999978542E-3,
,,,-231.99997668E-6,939.999997616E-3,
,,,-231.59998818E-6,899.999976158E-3,
,,,-231.19998514E-6,959.999978542E-3,
,,,-230.79998209E-6,919.999957085E-3,
,,,-230.39997905E-6,919.999957085E-3,
,,,-229.99999055E-6,939.999997616E-3,
,,,-229.59998751E-6,939.999997616E-3,
,,,-229.19998446E-6,919.999957085E-3,
,,,-228.79998141E-6,919.999957085E-3,
,,,-228.39997837E-6,899.999976158E-3,
,,,-227.99998987E-6,919.999957085E-3,
,,,-227.59998683E-6,919.999957085E-3,
,,,-227.19998378E-6,899.999976158E-3,
,,,-226.79998074E-6,899.999976158E-3,
,,,-226.39997769E-6,899.999976158E-3,
,,,-225.99998920E-6,879.999995232E-3,
,,,-225.59998615E-6,899.999976158E-3,
,,,-225.19998311E-6,899.999976158E-3,
,,,-224.79998006E-6,879.999995232E-3,
,,,-224.39997701E-6,859.999954700E-3,
,,,-223.99998852E-6,879.999995232E-3,
,,,-223.59998547E-6,879.999995232E-3,
,,,-223.19998243E-6,879.999995232E-3,
,,,-222.79997938E-6,859.999954700E-3,
,,,-222.39997634E-6,879.999995232E-3,
,,,-221.99998784E-6,819.999992847E-3,
,,,-221.59998480E-6,859.999954700E-3,
,,,-221.19998175E-6,859.999954700E-3,
,,,-220.79997871E-6,839.999973774E-3,
,,,-220.39999021E-6,839.999973774E-3,
,,,-219.99998717E-6,839.999973774E-3,
,,,-219.59998412E-6,819.999992847E-3,
,,,-219.19998107E-6,799.999952316E-3,
,,,-218.79997803E-6,779.999971390E-3,
,,,-218.39998954E-6,839.999973774E-3,
,,,-217.99998649E-6,779.999971390E-3,
,,,-217.59998344E-6,779.999971390E-3,
,,,-217.19998040E-6,799.999952316E-3,
,,,-216.79997735E-6,819.999992847E-3,
,,,-216.39998886E-6,799.999952316E-3,
,,,-215.99998581E-6,799.999952316E-3,
,,,-215.59998277E-6,779.999971390E-3,
,,,-215.19997972E-6,759.999990463E-3,
,,,-214.79997667E-6,779.999971390E-3,
,,,-214.39998818E-6,779.999971390E-3,
,,,-213.99998514E-6,779.999971390E-3,
,,,-213.59998209E-6,740.000009537E-3,
,,,-213.19997904E-6,759.999990463E-3,
,,,-212.79999055E-6,740.000009537E-3,
,,,-212.39998750E-6,719.999969006E-3,
,,,-211.99998446E-6,740.000009537E-3,
,,,-211.59998141E-6,740.000009537E-3,
,,,-211.19997837E-6,699.999988079E-3,
,,,-210.79998987E-6,699.999988079E-3,
,,,-210.39998683E-6,699.999988079E-3,
,,,-209.99998378E-6,719.999969006E-3,
,,,-209.59998074E-6,699.999988079E-3,
,,,-209.19997769E-6,699.999988079E-3,
,,,-208.79998920E-6,680.000007153E-3,
,,,-208.39998615E-6,680.000007153E-3,
,,,-207.99998310E-6,699.999988079E-3,
,,,-207.59998006E-6,680.000007153E-3,
,,,-207.19997701E-6,680.000007153E-3,
,,,-206.79998852E-6,680.000007153E-3,
,,,-206.39998547E-6,659.999966621E-3,
,,,-205.99998243E-6,659.999966621E-3,
,,,-205.59997938E-6,620.000004768E-3,
,,,-205.19997634E-6,620.000004768E-3,
,,,-204.79998784E-6,639.999985695E-3,
,,,-204.39998480E-6,639.999985695E-3,
,,,-203.99998175E-6,620.000004768E-3,
,,,-203.59997870E-6,620.000004768E-3,
,,,-203.19999021E-6,620.000004768E-3,
,,,-202.79998716E-6,620.000004768E-3,
,,,-202.39998412E-6,579.999983311E-3,
,,,-201.99998107E-6,579.999983311E-3,
,,,-201.59997803E-6,579.999983311E-3,
,,,-201.19998953E-6,599.999964237E-3,
,,,-200.79998649E-6,539.999961853E-3,
,,,-200.39998344E-6,539.999961853E-3,
,,,-199.99998040E-6,560.000002384E-3,
,,,-199.59997735E-6,560.000002384E-3,
,,,-199.19998886E-6,560.000002384E-3,
,,,-198.79998581E-6,539.999961853E-3,
,,,-198.39998276E-6,519.999980927E-3,
,,,-197.99997972E-6,519.999980927E-3,
,,,-197.59997667E-6,500.000000000E-3,
,,,-197.19998818E-6,539.999961853E-3,
,,,-196.79998513E-6,500.000000000E-3,
,,,-196.39998209E-6,479.999989271E-3,
,,,-195.99997904E-6,479.999989271E-3,
,,,-195.59997600E-6,479.999989271E-3,
,,,-195.19998750E-6,459.999978542E-3,
,,,-194.79998446E-6,479.999989271E-3,
,,,-194.39998141E-6,479.999989271E-3,
,,,-193.99997836E-6,500.000000000E-3,
,,,-193.59998987E-6,439.999997616E-3,
,,,-193.19998682E-6,439.999997616E-3,
,,,-192.79998378E-6,459.999978542E-3,
,,,-192.39998073E-6,419.999986887E-3,
,,,-191.99997769E-6,419.999986887E-3,
,,,-191.59998919E-6,419.999986887E-3,
,,,-191.19998615E-6,419.999986887E-3,
,,,-190.79998310E-6,379.99999523E-3,
,,,-190.39998006E-6,379.99999523E-3,
,,,-189.99997701E-6,359.99998450E-3,
,,,-189.59998852E-6,379.99999523E-3,
,,,-189.19998547E-6,359.99998450E-3,
,,,-188.79998242E-6,340.00000358E-3,
,,,-188.39997938E-6,319.99999285E-3,
,,,-187.99997633E-6,340.00000358E-3,
,,,-187.59998784E-6,340.00000358E-3,
,,,-187.19998479E-6,319.99999285E-3,
,,,-186.79998175E-6,299.99998212E-3,
,,,-186.39997870E-6,319.99999285E-3,
,,,-185.99999021E-6,299.99998212E-3,
,,,-185.59998716E-6,299.99998212E-3,
,,,-185.19998412E-6,280.00000119E-3,
,,,-184.79998107E-6,299.99998212E-3,
,,,-184.39997802E-6,280.00000119E-3,
,,,-183.99998953E-6,259.99999046E-3,
,,,-183.59998649E-6,280.00000119E-3,
,,,-183.19998344E-6,259.99999046E-3,
,,,-182.79998039E-6,239.99999464E-3,
,,,-182.39997735E-6,219.99999881E-3,
,,,-181.99998885E-6,239.99999464E-3,
,,,-181.59998581E-6,239.99999464E-3,
,,,-181.19998276E-6,239.99999464E-3,
,,,-180.79997972E-6,199.99998808E-3,
,,,-180.39997667E-6,199.99998808E-3,
,,,-179.99998818E-6,199.99998808E-3,
,,,-179.59998513E-6,199.99998808E-3,
,,,-179.19998209E-6,179.99999225E-3,
,,,-178.79997904E-6,219.99999881E-3,
,,,-178.39997599E-6,159.99999642E-3,
,,,-177.99998750E-6,159.99999642E-3,
,,,-177.59998445E-6,140.0000006E-3,
,,,-177.19998141E-6,140.0000006E-3,
,,,-176.79997836E-6,140.0000006E-3,
,,,-176.39998987E-6,140.0000006E-3,
,,,-175.99998682E-6,99.999994040E-3,
,,,-175.59998378E-6,119.9999973E-3,
,,,-175.19998073E-6,99.999994040E-3,
,,,-174.79997769E-6,119.9999973E-3,
,,,-174.39998919E-6,119.9999973E-3,
,,,-173.99998615E-6,79.999998212E-3,
,,,-173.59998310E-6,79.999998212E-3,
,,,-173.19998005E-6,79.999998212E-3,
,,,-172.79997701E-6,59.999998659E-3,
,,,-172.39998851E-6,59.999998659E-3,
,,,-171.99998547E-6,39.99999911E-3,
,,,-171.59998242E-6,19.9999996E-3,
,,,-171.19997938E-6,19.9999996E-3,
,,,-170.79997633E-6,19.9999996E-3,
,,,-170.39998784E-6,0.0,
,,,-169.99998479E-6,0.0,
,,,-169.59998175E-6,-19.9999996E-3,
,,,-169.19997870E-6,-19.9999996E-3,
,,,-168.79997565E-6,-19.9999996E-3,
,,,-168.39998716E-6,-39.99999911E-3,
,,,-167.99998411E-6,0.0,
,,,-167.59998107E-6,-39.99999911E-3,
,,,-167.19997802E-6,-39.99999911E-3,
,,,-166.79998953E-6,-39.99999911E-3,
,,,-166.39998648E-6,-39.99999911E-3,
,,,-165.99998344E-6,-39.99999911E-3,
,,,-165.59998039E-6,-79.999998212E-3,
,,,-165.19997735E-6,-79.999998212E-3,
,,,-164.79998885E-6,-79.999998212E-3,
,,,-164.39998581E-6,-79.999998212E-3,
,,,-163.99998276E-6,-99.999994040E-3,
,,,-163.59997971E-6,-99.999994040E-3,
,,,-163.19997667E-6,-119.9999973E-3,
,,,-162.79998817E-6,-119.9999973E-3,
,,,-162.39998513E-6,-159.99999642E-3,
,,,-161.99998208E-6,-159.99999642E-3,
,,,-161.59997904E-6,-140.0000006E-3,
,,,-161.19997599E-6,-159.99999642E-3,
,,,-160.79998750E-6,-179.99999225E-3,
,,,-160.39998445E-6,-179.99999225E-3,
,,,-159.99998141E-6,-179.99999225E-3,
,,,-159.59997836E-6,-140.0000006E-3,
,,,-159.19998987E-6,-199.99998808E-3,
,,,-158.79998682E-6,-219.99999881E-3,
,,,-158.39998377E-6,-199.99998808E-3,
,,,-157.99998073E-6,-259.99999046E-3,
,,,-157.59997768E-6,-239.99999464E-3,
,,,-157.19998919E-6,-239.99999464E-3,
,,,-156.79998614E-6,-259.99999046E-3,
,,,-156.39998310E-6,-239.99999464E-3,
,,,-155.99998005E-6,-259.99999046E-3,
,,,-155.59997701E-6,-280.00000119E-3,
,,,-155.19998851E-6,-280.00000119E-3,
,,,-154.79998547E-6,-259.99999046E-3,
,,,-154.39998242E-6,-280.00000119E-3,
,,,-153.99997937E-6,-299.99998212E-3,
,,,-153.59997633E-6,-299.99998212E-3,
,,,-153.19998784E-6,-280.00000119E-3,
,,,-152.79998479E-6,-340.00000358E-3,
,,,-152.39998174E-6,-319.99999285E-3,
,,,-151.99997870E-6,-319.99999285E-3,
,,,-151.59997565E-6,-340.00000358E-3,
,,,-151.19998716E-6,-340.00000358E-3,
,,,-150.79998411E-6,-359.99998450E-3,
,,,-150.39998107E-6,-379.99999523E-3,
,,,-149.99997802E-6,-359.99998450E-3,
,,,-149.59998953E-6,-379.99999523E-3,
,,,-149.19998648E-6,-399.99997616E-3,
,,,-148.79998344E-6,-359.99998450E-3,
,,,-148.3999804E-6,-399.99997616E-3,
,,,-147.9999773E-6,-379.99999523E-3,
,,,-147.5999888E-6,-419.999986887E-3,
,,,-147.1999858E-6,-479.999989271E-3,
,,,-146.7999828E-6,-419.999986887E-3,
,,,-146.3999797E-6,-439.999997616E-3,
,,,-145.9999767E-6,-459.999978542E-3,
,,,-145.5999882E-6,-459.999978542E-3,
,,,-145.1999851E-6,-479.999989271E-3,
,,,-144.7999821E-6,-439.999997616E-3,
,,,-144.3999790E-6,-479.999989271E-3,
,,,-143.9999760E-6,-439.999997616E-3,
,,,-143.5999875E-6,-479.999989271E-3,
,,,-143.1999844E-6,-479.999989271E-3,
,,,-142.7999814E-6,-519.999980927E-3,
,,,-142.3999784E-6,-500.000000000E-3,
,,,-141.9999899E-6,-519.999980927E-3,
,,,-141.5999868E-6,-519.999980927E-3,
,,,-141.1999838E-6,-519.999980927E-3,
,,,-140.7999807E-6,-560.000002384E-3,
,,,-140.3999777E-6,-539.999961853E-3,
,,,-139.9999892E-6,-539.999961853E-3,
,,,-139.5999861E-6,-560.000002384E-3,
,,,-139.1999831E-6,-560.000002384E-3,
,,,-138.7999800E-6,-560.000002384E-3,
,,,-138.3999770E-6,-579.999983311E-3,
,,,-137.9999885E-6,-560.000002384E-3,
,,,-137.5999855E-6,-579.999983311E-3,
,,,-137.1999824E-6,-579.999983311E-3,
,,,-136.7999794E-6,-579.999983311E-3,
,,,-136.3999763E-6,-599.999964237E-3,
,,,-135.9999878E-6,-599.999964237E-3,
,,,-135.5999848E-6,-639.999985695E-3,
,,,-135.1999817E-6,-599.999964237E-3,
,,,-134.7999787E-6,-639.999985695E-3,
,,,-134.3999757E-6,-620.000004768E-3,
,,,-133.9999872E-6,-659.999966621E-3,
,,,-133.5999841E-6,-639.999985695E-3,
,,,-133.1999811E-6,-639.999985695E-3,
,,,-132.7999780E-6,-639.999985695E-3,
,,,-132.3999895E-6,-639.999985695E-3,
,,,-131.9999865E-6,-680.000007153E-3,
,,,-131.5999834E-6,-659.999966621E-3,
,,,-131.1999804E-6,-680.000007153E-3,
,,,-130.7999773E-6,-699.999988079E-3,
,,,-130.3999888E-6,-659.999966621E-3,
,,,-129.9999858E-6,-680.000007153E-3,
,,,-129.5999828E-6,-719.999969006E-3,
,,,-129.1999797E-6,-719.999969006E-3,
,,,-128.7999767E-6,-740.000009537E-3,
,,,-128.3999882E-6,-719.999969006E-3,
,,,-127.9999851E-6,-740.000009537E-3,
,,,-127.5999821E-6,-740.000009537E-3,
,,,-127.1999790E-6,-759.999990463E-3,
,,,-126.7999760E-6,-740.000009537E-3,
,,,-126.3999875E-6,-759.999990463E-3,
,,,-125.9999844E-6,-759.999990463E-3,
,,,-125.5999814E-6,-779.999971390E-3,
,,,-125.1999784E-6,-759.999990463E-3,
,,,-124.7999753E-6,-759.999990463E-3,
,,,-124.3999868E-6,-740.000009537E-3,
,,,-123.9999838E-6,-779.999971390E-3,
,,,-123.5999807E-6,-759.999990463E-3,
,,,-123.1999777E-6,-779.999971390E-3,
,,,-122.7999892E-6,-799.999952316E-3,
,,,-122.3999861E-6,-819.999992847E-3,
,,,-121.9999831E-6,-799.999952316E-3,
,,,-121.5999800E-6,-819.999992847E-3,
,,,-121.1999843E-6,-819.999992847E-3,
,,,-120.7999812E-6,-799.999952316E-3,
,,,-120.3999855E-6,-799.999952316E-3,
,,,-119.9999824E-6,-819.999992847E-3,
,,,-119.5999794E-6,-839.999973774E-3,
,,,-119.1999836E-6,-859.999954700E-3,
,,,-118.7999806E-6,-799.999952316E-3,
,,,-118.3999848E-6,-819.999992847E-3,
,,,-117.9999817E-6,-839.999973774E-3,
,,,-117.5999787E-6,-859.999954700E-3,
,,,-117.1999829E-6,-859.999954700E-3,
,,,-116.7999799E-6,-839.999973774E-3,
,,,-116.3999841E-6,-879.999995232E-3,
,,,-115.9999811E-6,-859.999954700E-3,
,,,-115.5999853E-6,-879.999995232E-3,
,,,-115.1999822E-6,-859.999954700E-3,
,,,-114.7999792E-6,-859.999954700E-3,
,,,-114.3999834E-6,-919.999957085E-3,
,,,-113.9999804E-6,-899.999976158E-3,
,,,-113.5999846E-6,-899.999976158E-3,
,,,-113.1999816E-6,-919.999957085E-3,
,,,-112.7999858E-6,-899.999976158E-3,
,,,-112.3999828E-6,-899.999976158E-3,
,,,-111.9999797E-6,-899.999976158E-3,
,,,-111.5999839E-6,-919.999957085E-3,
,,,-111.1999809E-6,-899.999976158E-3,
,,,-110.7999851E-6,-939.999997616E-3,
,,,-110.3999821E-6,-919.999957085E-3,
,,,-109.9999790E-6,-959.999978542E-3,
,,,-109.5999833E-6,-939.999997616E-3,
,,,-109.1999802E-6,-939.999997616E-3,
,,,-108.7999844E-6,-919.999957085E-3,
,,,-108.3999814E-6,-919.999957085E-3,
,,,-107.9999856E-6,-939.999997616E-3,
,,,-107.5999826E-6,-959.999978542E-3,
,,,-107.1999795E-6,-919.999957085E-3,
,,,-106.7999838E-6,-939.999997616E-3,
,,,-106.3999807E-6,-899.999976158E-3,
,,,-105.9999850E-6,-959.999978542E-3,
,,,-105.5999819E-6,-919.999957085E-3,
,,,-105.1999789E-6,-939.999997616E-3,
,,,-104.7999831E-6,-939.999997616E-3,
,,,-104.3999800E-6,-959.999978542E-3,
,,,-103.9999843E-6,-959.999978542E-3,
,,,-103.5999812E-6,-939.999997616E-3,
,,,-103.1999855E-6,-959.999978542E-3,
,,,-102.7999824E-6,-939.999997616E-3,
,,,-102.3999794E-6,-959.999978542E-3,
,,,-101.9999836E-6,-959.999978542E-3,
,,,-101.5999806E-6,-979.999959469E-3,
,,,-101.1999848E-6,-939.999997616E-3,
,,,-100.7999817E-6,-959.999978542E-3,
,,,-100.3999787E-6,-979.999959469E-3,
,,,-99.999982922E-6,-1.000000,
,,,-99.599979876E-6,-959.999978542E-3,
,,,-99.199984106E-6,-979.999959469E-3,
,,,-98.799981060E-6,-1.000000,
,,,-98.399985291E-6,-1.000000,
,,,-97.999982245E-6,-979.999959469E-3,
,,,-97.599979199E-6,-1.0200000,
,,,-97.199983429E-6,-959.999978542E-3,
,,,-96.799980383E-6,-1.000000,
,,,-96.399984614E-6,-979.999959469E-3,
,,,-95.999981568E-6,-1.0200000,
,,,-95.599978522E-6,-979.999959469E-3,
,,,-95.199982752E-6,-1.0400000,
,,,-94.799979706E-6,-1.0200000,
,,,-94.399983936E-6,-1.0200000,
,,,-93.999980891E-6,-979.999959469E-3,
,,,-93.599985121E-6,-1.000000,
,,,-93.199982075E-6,-1.000000,
,,,-92.799979029E-6,-1.0400000,
,,,-92.399983259E-6,-1.0200000,
,,,-91.999980214E-6,-1.000000,
,,,-91.599984444E-6,-1.0400000,
,,,-91.199981398E-6,-1.0400000,
,,,-90.799985628E-6,-1.0200000,
,,,-90.399982582E-6,-1.000000,
,,,-89.999979537E-6,-1.0200000,
,,,-89.599983767E-6,-1.000000,
,,,-89.199980721E-6,-1.0200000,
,,,-88.799984951E-6,-1.000000,
,,,-88.399981905E-6,-1.0200000,
,,,-87.999978859E-6,-1.0200000,
,,,-87.599983090E-6,-1.0200000,
,,,-87.199980044E-6,-979.999959469E-3,
,,,-86.799984274E-6,-1.000000,
,,,-86.399981228E-6,-1.0200000,
,,,-85.999985458E-6,-1.0400000,
,,,-85.599982413E-6,-1.000000,
,,,-85.199979367E-6,-1.0200000,
,,,-84.799983597E-6,-1.0200000,
,,,-84.399980551E-6,-1.000000,
,,,-83.999984781E-6,-1.000000,
,,,-83.599981735E-6,-1.000000,
,,,-83.199978690E-6,-1.0599999,
,,,-82.799982920E-6,-1.0400000,
,,,-82.399979874E-6,-979.999959469E-3,
,,,-81.999984104E-6,-1.0400000,
,,,-81.599981058E-6,-1.0200000,
,,,-81.199985289E-6,-1.0200000,
,,,-80.799982243E-6,-1.000000,
,,,-80.399979197E-6,-979.999959469E-3,
,,,-79.999983427E-6,-1.000000,
,,,-79.599980381E-6,-1.0200000,
,,,-79.199984611E-6,-979.999959469E-3,
,,,-78.799981566E-6,-1.0200000,
,,,-78.399978520E-6,-1.0400000,
,,,-77.999982750E-6,-1.0400000,
,,,-77.599979704E-6,-1.000000,
,,,-77.199983934E-6,-979.999959469E-3,
,,,-76.799980889E-6,-1.000000,
,,,-76.399985119E-6,-1.0200000,
,,,-75.999982073E-6,-1.000000,
,,,-75.599979027E-6,-979.999959469E-3,
,,,-75.199983257E-6,-959.999978542E-3,
,,,-74.799980212E-6,-1.000000,
,,,-74.399984442E-6,-1.0200000,
,,,-73.999981396E-6,-1.0200000,
,,,-73.599978350E-6,-1.000000,
,,,-73.199982580E-6,-1.000000,
,,,-72.799979534E-6,-959.999978542E-3,
,,,-72.399983765E-6,-959.999978542E-3,
,,,-71.999980719E-6,-1.000000,
,,,-71.599984949E-6,-939.999997616E-3,
,,,-71.199981903E-6,-1.000000,
,,,-70.799978857E-6,-959.999978542E-3,
,,,-70.399983088E-6,-979.999959469E-3,
,,,-69.999980042E-6,-959.999978542E-3,
,,,-69.599984272E-6,-959.999978542E-3,
,,,-69.199981226E-6,-959.999978542E-3,
,,,-68.799978180E-6,-959.999978542E-3,
,,,-68.399982410E-6,-959.999978542E-3,
,,,-67.999979365E-6,-959.999978542E-3,
,,,-67.599983595E-6,-959.999978542E-3,
,,,-67.199980549E-6,-939.999997616E-3,
,,,-66.799984779E-6,-919.999957085E-3,
,,,-66.399981733E-6,-959.999978542E-3,
,,,-65.999978688E-6,-939.999997616E-3,
,,,-65.599982918E-6,-899.999976158E-3,
,,,-65.199979872E-6,-939.999997616E-3,
,,,-64.799984102E-6,-879.999995232E-3,
,,,-64.399981056E-6,-939.999997616E-3,
,,,-63.999985287E-6,-899.999976158E-3,
,,,-63.599982241E-6,-919.999957085E-3,
,,,-63.199979195E-6,-899.999976158E-3,
,,,-62.799983425E-6,-919.999957085E-3,
,,,-62.399980379E-6,-879.999995232E-3,
,,,-61.999984609E-6,-919.999957085E-3,
,,,-61.599981564E-6,-879.999995232E-3,
,,,-61.199978518E-6,-899.999976158E-3,
,,,-60.799982748E-6,-899.999976158E-3,
,,,-60.399983340E-6,-879.999995232E-3,
,,,-59.999980294E-6,-859.999954700E-3,
,,,-59.599980887E-6,-879.999995232E-3,
,,,-59.199981479E-6,-879.999995232E-3,
,,,-58.799982071E-6,-879.999995232E-3,
,,,-58.399982663E-6,-859.999954700E-3,
,,,-57.999983255E-6,-859.999954700E-3,
,,,-57.599980209E-6,-879.999995232E-3,
,,,-57.199980802E-6,-879.999995232E-3,
,,,-56.799981394E-6,-879.999995232E-3,
,,,-56.399981986E-6,-879.999995232E-3,
,,,-55.999982578E-6,-839.999973774E-3,
,,,-55.599983170E-6,-819.999992847E-3,
,,,-55.199980125E-6,-839.999973774E-3,
,,,-54.799980717E-6,-859.999954700E-3,
,,,-54.39998131E-6,-839.999973774E-3,
,,,-53.99998190E-6,-859.999954700E-3,
,,,-53.59998249E-6,-799.999952316E-3,
,,,-53.19998309E-6,-819.999992847E-3,
,,,-52.79998004E-6,-839.999973774E-3,
,,,-52.39998063E-6,-799.999952316E-3,
,,,-51.99998122E-6,-839.999973774E-3,
,,,-51.59998182E-6,-819.999992847E-3,
,,,-51.19998241E-6,-759.999990463E-3,
,,,-50.79998300E-6,-819.999992847E-3,
,,,-50.39997995E-6,-779.999971390E-3,
,,,-49.99998055E-6,-779.999971390E-3,
,,,-49.59998114E-6,-779.999971390E-3,
,,,-49.19998173E-6,-779.999971390E-3,
,,,-48.79998232E-6,-759.999990463E-3,
,,,-48.39998292E-6,-779.999971390E-3,
,,,-47.99997987E-6,-740.000009537E-3,
,,,-47.59998046E-6,-740.000009537E-3,
,,,-47.19998105E-6,-759.999990463E-3,
,,,-46.79998165E-6,-740.000009537E-3,
,,,-46.39998224E-6,-719.999969006E-3,
,,,-45.99998283E-6,-719.999969006E-3,
,,,-45.59997979E-6,-699.999988079E-3,
,,,-45.19998038E-6,-699.999988079E-3,
,,,-44.79998097E-6,-740.000009537E-3,
,,,-44.39998156E-6,-699.999988079E-3,
,,,-43.99998215E-6,-699.999988079E-3,
,,,-43.59998275E-6,-699.999988079E-3,
,,,-43.19997970E-6,-719.999969006E-3,
,,,-42.79998029E-6,-680.000007153E-3,
,,,-42.39998088E-6,-699.999988079E-3,
,,,-41.99998148E-6,-680.000007153E-3,
,,,-41.59998207E-6,-699.999988079E-3,
,,,-41.19998266E-6,-639.999985695E-3,
,,,-40.79998325E-6,-639.999985695E-3,
,,,-40.39998021E-6,-659.999966621E-3,
,,,-39.99998080E-6,-659.999966621E-3,
,,,-39.59998139E-6,-620.000004768E-3,
,,,-39.19998198E-6,-659.999966621E-3,
,,,-38.79998258E-6,-620.000004768E-3,
,,,-38.39998317E-6,-659.999966621E-3,
,,,-37.99998012E-6,-639.999985695E-3,
,,,-37.59998071E-6,-599.999964237E-3,
,,,-37.19998131E-6,-620.000004768E-3,
,,,-36.79998190E-6,-620.000004768E-3,
,,,-36.39998249E-6,-599.999964237E-3,
,,,-35.99998308E-6,-579.999983311E-3,
,,,-35.59998004E-6,-560.000002384E-3,
,,,-35.19998063E-6,-560.000002384E-3,
,,,-34.79998122E-6,-579.999983311E-3,
,,,-34.39998181E-6,-579.999983311E-3,
,,,-33.99998241E-6,-539.999961853E-3,
,,,-33.59998300E-6,-539.999961853E-3,
,,,-33.19997995E-6,-519.999980927E-3,
,,,-32.79998054E-6,-519.999980927E-3,
,,,-32.39998114E-6,-519.999980927E-3,
,,,-31.99998173E-6,-500.000000000E-3,
,,,-31.59998232E-6,-539.999961853E-3,
,,,-31.19998291E-6,-500.000000000E-3,
,,,-30.79997987E-6,-519.999980927E-3,
,,,-30.39998046E-6,-519.999980927E-3,
,,,-29.99998105E-6,-519.999980927E-3,
,,,-29.59998164E-6,-479.999989271E-3,
,,,-29.19998042E-6,-459.999978542E-3,
,,,-28.79998101E-6,-479.999989271E-3,
,,,-28.39998160E-6,-479.999989271E-3,
,,,-27.99998038E-6,-479.999989271E-3,
,,,-27.59998097E-6,-439.999997616E-3,
,,,-27.19998156E-6,-399.99997616E-3,
,,,-26.79998215E-6,-419.999986887E-3,
,,,-26.39998092E-6,-439.999997616E-3,
,,,-25.99998152E-6,-399.99997616E-3,
,,,-25.59998211E-6,-419.999986887E-3,
,,,-25.19998088E-6,-379.99999523E-3,
,,,-24.79998147E-6,-399.99997616E-3,
,,,-24.39998207E-6,-359.99998450E-3,
,,,-23.99998084E-6,-399.99997616E-3,
,,,-23.59998143E-6,-359.99998450E-3,
,,,-23.19998202E-6,-359.99998450E-3,
,,,-22.79998080E-6,-359.99998450E-3,
,,,-22.39998139E-6,-379.99999523E-3,
,,,-21.99998198E-6,-340.00000358E-3,
,,,-21.59998076E-6,-340.00000358E-3,
,,,-21.19998135E-6,-319.99999285E-3,
,,,-20.79998194E-6,-319.99999285E-3,
,,,-20.39998071E-6,-299.99998212E-3,
,,,-19.9999813E-6,-319.99999285E-3,
,,,-19.5999819E-6,-299.99998212E-3,
,,,-19.1999807E-6,-299.99998212E-3,
,,,-18.7999813E-6,-280.00000119E-3,
,,,-18.3999819E-6,-299.99998212E-3,
,,,-17.9999806E-6,-259.99999046E-3,
,,,-17.5999812E-6,-280.00000119E-3,
,,,-17.1999818E-6,-280.00000119E-3,
,,,-16.7999806E-6,-280.00000119E-3,
,,,-16.3999812E-6,-239.99999464E-3,
,,,-15.9999818E-6,-239.99999464E-3,
,,,-15.5999805E-6,-219.99999881E-3,
,,,-15.1999811E-6,-219.99999881E-3,
,,,-14.7999808E-6,-239.99999464E-3,
,,,-14.3999814E-6,-219.99999881E-3,
,,,-13.9999811E-6,-199.99998808E-3,
,,,-13.5999808E-6,-199.99998808E-3,
,,,-13.1999814E-6,-179.99999225E-3,
,,,-12.7999811E-6,-179.99999225E-3,
,,,-12.3999807E-6,-179.99999225E-3,
,,,-11.9999813E-6,-179.99999225E-3,
,,,-11.5999810E-6,-140.0000006E-3,
,,,-11.1999807E-6,-140.0000006E-3,
,,,-10.7999813E-6,-140.0000006E-3,
,,,-10.3999810E-6,-140.0000006E-3,
,,,-9.999980648E-6,-140.0000006E-3,
,,,-9.599981240E-6,-119.9999973E-3,
,,,-9.199980923E-6,-119.9999973E-3,
,,,-8.799981515E-6,-99.999994040E-3,
,,,-8.399981198E-6,-99.999994040E-3,
,,,-7.999980880E-6,-59.999998659E-3,
,,,-7.599981018E-6,-79.999998212E-3,
,,,-7.19998116E-6,-59.999998659E-3,
,,,-6.79998084E-6,-59.999998659E-3,
,,,-6.39998098E-6,-59.999998659E-3,
,,,-5.99998111E-6,-39.99999911E-3,
,,,-5.59998080E-6,-39.99999911E-3,
,,,-5.19998093E-6,-39.99999911E-3,
,,,-4.79998107E-6,0.0,
,,,-4.39998121E-6,-19.9999996E-3,
,,,-3.99998089E-6,0.0,
,,,-3.59998103E-6,-19.9999996E-3,
,,,-3.19998094E-6,19.9999996E-3,
,,,-2.79998108E-6,0.0,
,,,-2.3999810E-6,19.9999996E-3,
,,,-1.9999809E-6,19.9999996E-3,
,,,-1.5999810E-6,59.999998659E-3,
,,,-1.1999809E-6,59.999998659E-3,
,,,-799.980966804E-9,59.999998659E-3,
,,,-399.98096213E-9,59.999998659E-3,
,,,19.0425452E-12,79.999998212E-3,
,,,400.01904722E-9,79.999998212E-3,
,,,800.019051894E-9,99.999994040E-3,
,,,1.2000190E-6,79.999998212E-3,
,,,1.6000190E-6,79.999998212E-3,
,,,2.0000191E-6,140.0000006E-3,
,,,2.4000192E-6,99.999994040E-3,
,,,2.80001905E-6,140.0000006E-3,
,,,3.20001914E-6,119.9999973E-3,
,,,3.60001900E-6,140.0000006E-3,
,,,4.00001909E-6,179.99999225E-3,
,,,4.40001895E-6,140.0000006E-3,
,,,4.80001927E-6,159.99999642E-3,
,,,5.20001913E-6,159.99999642E-3,
,,,5.60001899E-6,179.99999225E-3,
,,,6.00001931E-6,159.99999642E-3,
,,,6.40001917E-6,239.99999464E-3,
,,,6.80001904E-6,219.99999881E-3,
,,,7.20001935E-6,199.99998808E-3,
,,,7.600019217E-6,219.99999881E-3,
,,,8.000019079E-6,239.99999464E-3,
,,,8.400019397E-6,219.99999881E-3,
,,,8.800018804E-6,259.99999046E-3,
,,,9.200019122E-6,239.99999464E-3,
,,,9.600019439E-6,239.99999464E-3,
,,,10.0000188E-6,259.99999046E-3,
,,,10.4000192E-6,259.99999046E-3,
,,,10.8000195E-6,280.00000119E-3,
,,,11.2000189E-6,280.00000119E-3,
,,,11.6000192E-6,280.00000119E-3,
,,,12.0000195E-6,319.99999285E-3,
,,,12.4000189E-6,299.99998212E-3,
,,,12.8000192E-6,299.99998212E-3,
,,,13.2000196E-6,299.99998212E-3,
,,,13.6000190E-6,319.99999285E-3,
,,,14.0000193E-6,299.99998212E-3,
,,,14.4000196E-6,340.00000358E-3,
,,,14.8000190E-6,319.99999285E-3,
,,,15.2000193E-6,379.99999523E-3,
,,,15.6000187E-6,359.99998450E-3,
,,,16.0000200E-6,379.99999523E-3,
,,,16.4000194E-6,379.99999523E-3,
,,,16.8000188E-6,379.99999523E-3,
,,,17.2000200E-6,399.99997616E-3,
,,,17.6000194E-6,439.999997616E-3,
,,,18.0000188E-6,399.99997616E-3,
,,,18.4000201E-6,379.99999523E-3,
,,,18.8000195E-6,399.99997616E-3,
,,,19.2000189E-6,439.999997616E-3,
,,,19.6000201E-6,419.999986887E-3,
,,,20.0000195E-6,419.999986887E-3,
,,,20.40001891E-6,439.999997616E-3,
,,,20.80002014E-6,459.999978542E-3,
,,,21.20001955E-6,479.999989271E-3,
,,,21.60001895E-6,479.999989271E-3,
,,,22.00002018E-6,500.000000000E-3,
,,,22.40001959E-6,459.999978542E-3,
,,,22.80001900E-6,500.000000000E-3,
,,,23.20002022E-6,500.000000000E-3,
,,,23.60001963E-6,500.000000000E-3,
,,,24.00001904E-6,519.999980927E-3,
,,,24.40001845E-6,519.999980927E-3,
,,,24.80001967E-6,519.999980927E-3,
,,,25.20001908E-6,500.000000000E-3,
,,,25.60001849E-6,539.999961853E-3,
,,,26.00001972E-6,539.999961853E-3,
,,,26.40001912E-6,539.999961853E-3,
,,,26.80001853E-6,539.999961853E-3,
,,,27.20001976E-6,539.999961853E-3,
,,,27.60001917E-6,579.999983311E-3,
,,,28.00001857E-6,579.999983311E-3,
,,,28.40001980E-6,579.999983311E-3,
,,,28.80001921E-6,560.000002384E-3,
,,,29.20001862E-6,599.999964237E-3,
,,,29.60001984E-6,620.000004768E-3,
,,,30.00001925E-6,639.999985695E-3,
,,,30.40001866E-6,599.999964237E-3,
,,,30.80001989E-6,599.999964237E-3,
,,,31.20001929E-6,620.000004768E-3,
,,,31.60001870E-6,620.000004768E-3,
,,,32.00001811E-6,639.999985695E-3,
,,,32.40002115E-6,620.000004768E-3,
,,,32.80002056E-6,620.000004768E-3,
,,,33.20001997E-6,659.999966621E-3,
,,,33.60001938E-6,680.000007153E-3,
,,,34.00001879E-6,659.999966621E-3,
,,,34.40001819E-6,680.000007153E-3,
,,,34.80002124E-6,680.000007153E-3,
,,,35.20002065E-6,680.000007153E-3,
,,,35.60002006E-6,680.000007153E-3,
,,,36.00001946E-6,680.000007153E-3,
,,,36.40001887E-6,699.999988079E-3,
,,,36.80001828E-6,719.999969006E-3,
,,,37.20001769E-6,719.999969006E-3,
,,,37.60002073E-6,699.999988079E-3,
,,,38.00002014E-6,759.999990463E-3,
,,,38.40001955E-6,740.000009537E-3,
,,,38.80001896E-6,740.000009537E-3,
,,,39.20001836E-6,759.999990463E-3,
,,,39.60001777E-6,759.999990463E-3,
,,,40.00002082E-6,759.999990463E-3,
,,,40.40002023E-6,759.999990463E-3,
,,,40.80001963E-6,740.000009537E-3,
,,,41.20001904E-6,759.999990463E-3,
,,,41.60001845E-6,799.999952316E-3,
,,,42.00001786E-6,779.999971390E-3,
,,,42.40002090E-6,759.999990463E-3,
,,,42.80002031E-6,799.999952316E-3,
,,,43.20001972E-6,799.999952316E-3,
,,,43.60001913E-6,819.999992847E-3,
,,,44.00001853E-6,799.999952316E-3,
,,,44.40001794E-6,819.999992847E-3,
,,,44.80002099E-6,839.999973774E-3,
,,,45.20002039E-6,799.999952316E-3,
,,,45.60001980E-6,819.999992847E-3,
,,,46.00001921E-6,839.999973774E-3,
,,,46.40001862E-6,819.999992847E-3,
,,,46.80001803E-6,819.999992847E-3,
,,,47.20002107E-6,859.999954700E-3,
,,,47.60002048E-6,839.999973774E-3,
,,,48.00001989E-6,859.999954700E-3,
,,,48.40001930E-6,839.999973774E-3,
,,,48.80001870E-6,879.999995232E-3,
,,,49.20001811E-6,879.999995232E-3,
,,,49.60002116E-6,879.999995232E-3,
,,,50.00002056E-6,879.999995232E-3,
,,,50.40001997E-6,859.999954700E-3,
,,,50.80001938E-6,859.999954700E-3,
,,,51.20001879E-6,879.999995232E-3,
,,,51.60001820E-6,879.999995232E-3,
,,,52.00002124E-6,879.999995232E-3,
,,,52.40002065E-6,879.999995232E-3,
,,,52.80002006E-6,879.999995232E-3,
,,,53.20001947E-6,879.999995232E-3,
,,,53.60001887E-6,899.999976158E-3,
,,,54.00001828E-6,939.999997616E-3,
,,,54.40002133E-6,899.999976158E-3,
,,,54.800020735E-6,919.999957085E-3,
,,,55.200020142E-6,919.999957085E-3,
,,,55.600019550E-6,899.999976158E-3,
,,,56.000018958E-6,919.999957085E-3,
,,,56.400018366E-6,939.999997616E-3,
,,,56.800021412E-6,939.999997616E-3,
,,,57.200020819E-6,939.999997616E-3,
,,,57.600020227E-6,939.999997616E-3,
,,,58.000019635E-6,959.999978542E-3,
,,,58.400019043E-6,919.999957085E-3,
,,,58.800018451E-6,959.999978542E-3,
,,,59.200021497E-6,959.999978542E-3,
,,,59.600020904E-6,939.999997616E-3,
,,,60.000020312E-6,939.999997616E-3,
,,,60.400019720E-6,979.999959469E-3,
,,,60.800019128E-6,979.999959469E-3,
,,,61.200022174E-6,1.000000,
,,,61.600017943E-6,939.999997616E-3,
,,,62.000020989E-6,959.999978542E-3,
,,,62.400016759E-6,979.999959469E-3,
,,,62.800019805E-6,959.999978542E-3,
,,,63.200022851E-6,979.999959469E-3,
,,,63.600018620E-6,959.999978542E-3,
,,,64.000021666E-6,979.999959469E-3,
,,,64.400017436E-6,979.999959469E-3,
,,,64.800020482E-6,979.999959469E-3,
,,,65.200016252E-6,979.999959469E-3,
,,,65.600019298E-6,979.999959469E-3,
,,,66.000022343E-6,979.999959469E-3,
,,,66.400018113E-6,979.999959469E-3,
,,,66.800021159E-6,1.0200000,
,,,67.200016929E-6,1.000000,
,,,67.600019975E-6,1.000000,
,,,68.000023020E-6,1.000000,
,,,68.400018790E-6,1.000000,
,,,68.800021836E-6,1.000000,
,,,69.200017606E-6,1.0200000,
,,,69.600020652E-6,1.000000,
,,,70.000016422E-6,1.0200000,
,,,70.400019467E-6,979.999959469E-3,
,,,70.800022513E-6,1.000000,
,,,71.200018283E-6,1.000000,
,,,71.600021329E-6,979.999959469E-3,
,,,72.000017099E-6,1.000000,
,,,72.400020144E-6,1.000000,
,,,72.800023190E-6,1.000000,
,,,73.200018960E-6,1.0200000,
,,,73.600022006E-6,1.0400000,
,,,74.000017776E-6,1.0599999,
,,,74.400020821E-6,1.0200000,
,,,74.800016591E-6,1.0200000,
,,,75.200019637E-6,1.0200000,
,,,75.600022683E-6,1.0599999,
,,,76.000018453E-6,1.0200000,
,,,76.400021499E-6,1.0200000,
,,,76.800017268E-6,1.0200000,
,,,77.200020314E-6,1.0400000,
,,,77.600023360E-6,1.0200000,
,,,78.000019130E-6,1.0400000,
,,,78.400022176E-6,1.0400000,
,,,78.800017945E-6,1.000000,
,,,79.200020991E-6,1.0200000,
,,,79.600016761E-6,1.000000,
,,,80.000019807E-6,1.000000,
,,,80.400022853E-6,1.0200000,
,,,80.800018623E-6,1.0400000,
,,,81.200021668E-6,1.0200000,
,,,81.600017438E-6,1.0400000,
,,,82.000020484E-6,1.000000,
,,,82.400023530E-6,1.0200000,
,,,82.800019300E-6,1.0200000,
,,,83.200022345E-6,1.0599999,
,,,83.600018115E-6,1.0200000,
,,,84.000021161E-6,1.0599999,
,,,84.400016931E-6,1.0400000,
,,,84.800019977E-6,1.0200000,
,,,85.200023022E-6,1.000000,
,,,85.600018792E-6,1.000000,
,,,86.000021838E-6,1.0200000,
,,,86.400017608E-6,1.000000,
,,,86.800020654E-6,1.0200000,
,,,87.200023700E-6,1.0200000,
,,,87.600019469E-6,1.000000,
,,,88.000022515E-6,1.000000,
,,,88.400018285E-6,979.999959469E-3,
,,,88.800021331E-6,1.0200000,
,,,89.200017101E-6,1.0200000,
,,,89.600020146E-6,979.999959469E-3,
,,,90.000023192E-6,1.000000,
,,,90.400018962E-6,1.000000,
,,,90.800022008E-6,1.0200000,
,,,91.200017778E-6,1.000000,
,,,91.600020824E-6,979.999959469E-3,
,,,92.000016593E-6,1.000000,
,,,92.400019639E-6,979.999959469E-3,
,,,92.800022685E-6,1.000000,
,,,93.200018455E-6,959.999978542E-3,
,,,93.600021501E-6,1.000000,
,,,94.000017270E-6,1.000000,
,,,94.400020316E-6,979.999959469E-3,
,,,94.800023362E-6,1.000000,
,,,95.200019132E-6,1.000000,
,,,95.600022178E-6,979.999959469E-3,
,,,96.000017948E-6,979.999959469E-3,
,,,96.400020993E-6,959.999978542E-3,
,,,96.800016763E-6,979.999959469E-3,
,,,97.200019809E-6,979.999959469E-3,
,,,97.600022855E-6,919.999957085E-3,
,,,98.000018625E-6,979.999959469E-3,
,,,98.400021670E-6,979.999959469E-3,
,,,98.800017440E-6,959.999978542E-3,
,,,99.200020486E-6,919.999957085E-3,
,,,99.600023532E-6,959.999978542E-3,
,,,100.0000193E-6,1.000000,
,,,100.4000223E-6,979.999959469E-3,
,,,100.8000181E-6,979.999959469E-3,
,,,101.2000212E-6,939.999997616E-3,
,,,101.6000169E-6,919.999957085E-3,
,,,102.0000200E-6,959.999978542E-3,
,,,102.4000230E-6,919.999957085E-3,
,,,102.8000188E-6,939.999997616E-3,
,,,103.2000218E-6,939.999997616E-3,
,,,103.6000176E-6,899.999976158E-3,
,,,104.0000207E-6,919.999957085E-3,
,,,104.4000237E-6,919.999957085E-3,
,,,104.8000195E-6,919.999957085E-3,
,,,105.2000225E-6,919.999957085E-3,
,,,105.6000183E-6,879.999995232E-3,
,,,106.0000213E-6,899.999976158E-3,
,,,106.4000171E-6,919.999957085E-3,
,,,106.8000201E-6,859.999954700E-3,
,,,107.2000232E-6,899.999976158E-3,
,,,107.6000190E-6,879.999995232E-3,
,,,108.0000220E-6,859.999954700E-3,
,,,108.4000178E-6,879.999995232E-3,
,,,108.8000208E-6,879.999995232E-3,
,,,109.2000239E-6,879.999995232E-3,
,,,109.6000196E-6,859.999954700E-3,
,,,110.0000227E-6,879.999995232E-3,
,,,110.4000185E-6,879.999995232E-3,
,,,110.8000215E-6,839.999973774E-3,
,,,111.2000173E-6,839.999973774E-3,
,,,111.6000203E-6,839.999973774E-3,
,,,112.0000234E-6,819.999992847E-3,
,,,112.4000191E-6,839.999973774E-3,
,,,112.8000222E-6,859.999954700E-3,
,,,113.2000179E-6,819.999992847E-3,
,,,113.6000210E-6,819.999992847E-3,
,,,114.0000168E-6,819.999992847E-3,
,,,114.4000198E-6,839.999973774E-3,
,,,114.8000229E-6,819.999992847E-3,
,,,115.2000186E-6,819.999992847E-3,
,,,115.6000217E-6,799.999952316E-3,
,,,116.0000174E-6,799.999952316E-3,
,,,116.4000205E-6,779.999971390E-3,
,,,116.8000235E-6,759.999990463E-3,
,,,117.2000193E-6,779.999971390E-3,
,,,117.6000223E-6,799.999952316E-3,
,,,118.0000181E-6,779.999971390E-3,
,,,118.4000212E-6,759.999990463E-3,
,,,118.8000169E-6,740.000009537E-3,
,,,119.2000200E-6,719.999969006E-3,
,,,119.6000230E-6,740.000009537E-3,
,,,120.0000188E-6,759.999990463E-3,
,,,120.4000218E-6,740.000009537E-3,
,,,120.8000176E-6,740.000009537E-3,
,,,121.2000207E-6,719.999969006E-3,
,,,121.6000237E-6,740.000009537E-3,
,,,122.0000195E-6,719.999969006E-3,
,,,122.4000152E-6,719.999969006E-3,
,,,122.8000183E-6,719.999969006E-3,
,,,123.2000213E-6,719.999969006E-3,
,,,123.6000244E-6,719.999969006E-3,
,,,124.0000274E-6,699.999988079E-3,
,,,124.4000159E-6,680.000007153E-3,
,,,124.8000190E-6,659.999966621E-3,
,,,125.2000220E-6,699.999988079E-3,
,,,125.6000251E-6,680.000007153E-3,
,,,126.0000136E-6,680.000007153E-3,
,,,126.4000166E-6,659.999966621E-3,
,,,126.8000196E-6,680.000007153E-3,
,,,127.2000227E-6,639.999985695E-3,
,,,127.6000257E-6,659.999966621E-3,
,,,128.0000142E-6,659.999966621E-3,
,,,128.4000173E-6,659.999966621E-3,
,,,128.8000203E-6,620.000004768E-3,
,,,129.2000234E-6,620.000004768E-3,
,,,129.6000264E-6,599.999964237E-3,
,,,130.0000149E-6,579.999983311E-3,
,,,130.4000180E-6,599.999964237E-3,
,,,130.8000210E-6,639.999985695E-3,
,,,131.2000240E-6,599.999964237E-3,
,,,131.6000271E-6,579.999983311E-3,
,,,132.0000156E-6,579.999983311E-3,
,,,132.4000186E-6,539.999961853E-3,
,,,132.8000217E-6,560.000002384E-3,
,,,133.2000247E-6,560.000002384E-3,
,,,133.6000278E-6,560.000002384E-3,
,,,134.0000163E-6,560.000002384E-3,
,,,134.4000193E-6,519.999980927E-3,
,,,134.8000224E-6,539.999961853E-3,
,,,135.2000254E-6,500.000000000E-3,
,,,135.6000139E-6,519.999980927E-3,
,,,136.0000169E-6,500.000000000E-3,
,,,136.4000200E-6,519.999980927E-3,
,,,136.8000230E-6,519.999980927E-3,
,,,137.2000261E-6,500.000000000E-3,
,,,137.6000146E-6,479.999989271E-3,
,,,138.0000176E-6,479.999989271E-3,
,,,138.4000207E-6,459.999978542E-3,
,,,138.8000237E-6,439.999997616E-3,
,,,139.2000268E-6,439.999997616E-3,
,,,139.6000152E-6,439.999997616E-3,
,,,140.0000183E-6,459.999978542E-3,
,,,140.4000213E-6,459.999978542E-3,
,,,140.8000244E-6,399.99997616E-3,
,,,141.2000274E-6,419.999986887E-3,
,,,141.6000159E-6,399.99997616E-3,
,,,142.0000190E-6,419.999986887E-3,
,,,142.4000220E-6,379.99999523E-3,
,,,142.8000251E-6,379.99999523E-3,
,,,143.2000136E-6,399.99997616E-3,
,,,143.6000166E-6,379.99999523E-3,
,,,144.0000196E-6,340.00000358E-3,
,,,144.4000227E-6,379.99999523E-3,
,,,144.8000257E-6,359.99998450E-3,
,,,145.2000142E-6,319.99999285E-3,
,,,145.6000173E-6,340.00000358E-3,
,,,146.0000203E-6,299.99998212E-3,
,,,146.4000234E-6,299.99998212E-3,
,,,146.8000264E-6,319.99999285E-3,
,,,147.2000149E-6,319.99999285E-3,
,,,147.6000180E-6,299.99998212E-3,
,,,148.0000210E-6,299.99998212E-3,
,,,148.4000240E-6,280.00000119E-3,
,,,148.80002709E-6,280.00000119E-3,
,,,149.20001558E-6,259.99999046E-3,
,,,149.60001863E-6,239.99999464E-3,
,,,150.00002168E-6,259.99999046E-3,
,,,150.40002472E-6,259.99999046E-3,
,,,150.80002777E-6,259.99999046E-3,
,,,151.20001626E-6,219.99999881E-3,
,,,151.60001931E-6,219.99999881E-3,
,,,152.00002235E-6,219.99999881E-3,
,,,152.40002540E-6,219.99999881E-3,
,,,152.80001389E-6,199.99998808E-3,
,,,153.20001694E-6,179.99999225E-3,
,,,153.60001998E-6,159.99999642E-3,
,,,154.00002303E-6,179.99999225E-3,
,,,154.40002608E-6,159.99999642E-3,
,,,154.80001457E-6,179.99999225E-3,
,,,155.20001762E-6,179.99999225E-3,
,,,155.60002066E-6,140.0000006E-3,
,,,156.00002371E-6,140.0000006E-3,
,,,156.40002675E-6,119.9999973E-3,
,,,156.80001525E-6,159.99999642E-3,
,,,157.20001829E-6,140.0000006E-3,
,,,157.60002134E-6,159.99999642E-3,
,,,158.00002438E-6,140.0000006E-3,
,,,158.40002743E-6,119.9999973E-3,
,,,158.80001592E-6,79.999998212E-3,
,,,159.20001897E-6,79.999998212E-3,
,,,159.60002202E-6,79.999998212E-3,
,,,160.00002506E-6,79.999998212E-3,
,,,160.40002811E-6,79.999998212E-3,
,,,160.80001660E-6,39.99999911E-3,
,,,161.20001965E-6,59.999998659E-3,
,,,161.60002269E-6,59.999998659E-3,
,,,162.00002574E-6,39.99999911E-3,
,,,162.40001423E-6,39.99999911E-3,
,,,162.80001728E-6,19.9999996E-3,
,,,163.20002032E-6,19.9999996E-3,
,,,163.60002337E-6,19.9999996E-3,
,,,164.00002642E-6,-19.9999996E-3,
,,,164.40001491E-6,-19.9999996E-3,
,,,164.80001796E-6,0.0,
,,,165.20002100E-6,-19.9999996E-3,
,,,165.60002405E-6,-59.999998659E-3,
,,,166.00002709E-6,-39.99999911E-3,
,,,166.40001559E-6,-39.99999911E-3,
,,,166.80001863E-6,-19.9999996E-3,
,,,167.20002168E-6,-79.999998212E-3,
,,,167.60002472E-6,-99.999994040E-3,
,,,168.00002777E-6,-79.999998212E-3,
,,,168.40001626E-6,-79.999998212E-3,
,,,168.80001931E-6,-79.999998212E-3,
,,,169.20002236E-6,-119.9999973E-3,
,,,169.60002540E-6,-119.9999973E-3,
,,,170.00001390E-6,-119.9999973E-3,
,,,170.40001694E-6,-119.9999973E-3,
,,,170.80001999E-6,-119.9999973E-3,
,,,171.20002303E-6,-140.0000006E-3,
,,,171.60002608E-6,-159.99999642E-3,
,,,172.00001457E-6,-159.99999642E-3,
,,,172.40001762E-6,-179.99999225E-3,
,,,172.80002066E-6,-159.99999642E-3,
,,,173.20002371E-6,-179.99999225E-3,
,,,173.60002676E-6,-199.99998808E-3,
,,,174.00001525E-6,-219.99999881E-3,
,,,174.40001830E-6,-219.99999881E-3,
,,,174.80002134E-6,-239.99999464E-3,
,,,175.20002439E-6,-199.99998808E-3,
,,,175.60002743E-6,-239.99999464E-3,
,,,176.00001593E-6,-219.99999881E-3,
,,,176.40001897E-6,-239.99999464E-3,
,,,176.80002202E-6,-239.99999464E-3,
,,,177.20002506E-6,-259.99999046E-3,
,,,177.60002811E-6,-239.99999464E-3,
,,,178.00001660E-6,-259.99999046E-3,
,,,178.40001965E-6,-280.00000119E-3,
,,,178.80002270E-6,-280.00000119E-3,
,,,179.20002574E-6,-299.99998212E-3,
,,,179.60001423E-6,-299.99998212E-3,
,,,180.00001728E-6,-299.99998212E-3,
,,,180.40002033E-6,-299.99998212E-3,
,,,180.80002337E-6,-319.99999285E-3,
,,,181.20002642E-6,-359.99998450E-3,
,,,181.60001491E-6,-340.00000358E-3,
,,,182.00001796E-6,-359.99998450E-3,
,,,182.40002100E-6,-359.99998450E-3,
,,,182.80002405E-6,-359.99998450E-3,
,,,183.20002710E-6,-359.99998450E-3,
,,,183.60001559E-6,-379.99999523E-3,
,,,184.00001863E-6,-359.99998450E-3,
,,,184.40002168E-6,-399.99997616E-3,
,,,184.80002473E-6,-399.99997616E-3,
,,,185.20002777E-6,-419.999986887E-3,
,,,185.60001627E-6,-419.999986887E-3,
,,,186.00001931E-6,-419.999986887E-3,
,,,186.40002236E-6,-419.999986887E-3,
,,,186.80002540E-6,-439.999997616E-3,
,,,187.20002845E-6,-419.999986887E-3,
,,,187.60001694E-6,-459.999978542E-3,
,,,188.00001999E-6,-439.999997616E-3,
,,,188.40002303E-6,-439.999997616E-3,
,,,188.80002608E-6,-500.000000000E-3,
,,,189.20001457E-6,-479.999989271E-3,
,,,189.60001762E-6,-500.000000000E-3,
,,,190.00002067E-6,-439.999997616E-3,
,,,190.40002371E-6,-519.999980927E-3,
,,,190.80002676E-6,-500.000000000E-3,
,,,191.20001525E-6,-519.999980927E-3,
,,,191.60001830E-6,-500.000000000E-3,
,,,192.00002134E-6,-479.999989271E-3,
,,,192.40002439E-6,-519.999980927E-3,
,,,192.80002743E-6,-500.000000000E-3,
,,,193.20001593E-6,-519.999980927E-3,
,,,193.60001897E-6,-560.000002384E-3,
,,,194.00002202E-6,-519.999980927E-3,
,,,194.40002507E-6,-560.000002384E-3,
,,,194.80002811E-6,-579.999983311E-3,
,,,195.20001661E-6,-579.999983311E-3,
,,,195.60001965E-6,-579.999983311E-3,
,,,196.00002270E-6,-579.999983311E-3,
,,,196.40002574E-6,-579.999983311E-3,
,,,196.80001424E-6,-579.999983311E-3,
,,,197.20001728E-6,-599.999964237E-3,
,,,197.60002033E-6,-599.999964237E-3,
,,,198.00002337E-6,-599.999964237E-3,
,,,198.40002642E-6,-639.999985695E-3,
,,,198.80001491E-6,-639.999985695E-3,
,,,199.20001796E-6,-639.999985695E-3,
,,,199.60002101E-6,-620.000004768E-3,
,,,200.00002405E-6,-620.000004768E-3,
,,,200.40002710E-6,-659.999966621E-3,
,,,200.80001559E-6,-680.000007153E-3,
,,,201.20001864E-6,-659.999966621E-3,
,,,201.60002168E-6,-639.999985695E-3,
,,,202.00002473E-6,-659.999966621E-3,
,,,202.40002777E-6,-699.999988079E-3,
,,,202.80001627E-6,-659.999966621E-3,
,,,203.20001931E-6,-699.999988079E-3,
,,,203.60002236E-6,-699.999988079E-3,
,,,204.00002541E-6,-740.000009537E-3,
,,,204.40002845E-6,-699.999988079E-3,
,,,204.80001695E-6,-719.999969006E-3,
,,,205.20001999E-6,-719.999969006E-3,
,,,205.60002304E-6,-719.999969006E-3,
,,,206.00002608E-6,-759.999990463E-3,
,,,206.40001458E-6,-719.999969006E-3,
,,,206.80001762E-6,-740.000009537E-3,
,,,207.20002067E-6,-759.999990463E-3,
,,,207.60002371E-6,-740.000009537E-3,
,,,208.00002676E-6,-740.000009537E-3,
,,,208.40001525E-6,-759.999990463E-3,
,,,208.80001830E-6,-759.999990463E-3,
,,,209.20002135E-6,-799.999952316E-3,
,,,209.60002439E-6,-779.999971390E-3,
,,,210.00002744E-6,-779.999971390E-3,
,,,210.40001593E-6,-759.999990463E-3,
,,,210.80001898E-6,-799.999952316E-3,
,,,211.20002202E-6,-799.999952316E-3,
,,,211.60002507E-6,-779.999971390E-3,
,,,212.00002811E-6,-799.999952316E-3,
,,,212.40001661E-6,-839.999973774E-3,
,,,212.80001965E-6,-799.999952316E-3,
,,,213.20002270E-6,-799.999952316E-3,
,,,213.60002575E-6,-819.999992847E-3,
,,,214.00002879E-6,-819.999992847E-3,
,,,214.40001728E-6,-799.999952316E-3,
,,,214.80002033E-6,-819.999992847E-3,
,,,215.20002338E-6,-839.999973774E-3,
,,,215.60002642E-6,-839.999973774E-3,
,,,216.00001492E-6,-859.999954700E-3,
,,,216.40001796E-6,-859.999954700E-3,
,,,216.80002101E-6,-839.999973774E-3,
,,,217.20002405E-6,-859.999954700E-3,
,,,217.60002710E-6,-859.999954700E-3,
,,,218.00001559E-6,-859.999954700E-3,
,,,218.40001864E-6,-859.999954700E-3,
,,,218.80002168E-6,-859.999954700E-3,
,,,219.20002473E-6,-899.999976158E-3,
,,,219.60002778E-6,-879.999995232E-3,
,,,220.00001627E-6,-899.999976158E-3,
,,,220.40001932E-6,-879.999995232E-3,
,,,220.80002236E-6,-919.999957085E-3,
,,,221.20002541E-6,-899.999976158E-3,
,,,221.60002845E-6,-899.999976158E-3,
,,,222.00001695E-6,-919.999957085E-3,
,,,222.40001999E-6,-919.999957085E-3,
,,,222.80002304E-6,-919.999957085E-3,
,,,223.20002608E-6,-919.999957085E-3,
,,,223.60001458E-6,-899.999976158E-3,
,,,224.00001762E-6,-939.999997616E-3,
,,,224.40002067E-6,-939.999997616E-3,
,,,224.80002372E-6,-939.999997616E-3,
,,,225.20002676E-6,-939.999997616E-3,
,,,225.60001526E-6,-939.999997616E-3,
,,,226.00001830E-6,-939.999997616E-3,
,,,226.40002135E-6,-939.999997616E-3,
,,,226.80002439E-6,-979.999959469E-3,
,,,227.20002744E-6,-939.999997616E-3,
,,,227.60001593E-6,-979.999959469E-3,
,,,228.00001898E-6,-939.999997616E-3,
,,,228.40002202E-6,-959.999978542E-3,
,,,228.80002507E-6,-979.999959469E-3,
,,,229.20002812E-6,-979.999959469E-3,
,,,229.60001661E-6,-959.999978542E-3,
,,,230.00001966E-6,-959.999978542E-3,
,,,230.40002270E-6,-939.999997616E-3,
,,,230.80002575E-6,-979.999959469E-3,
,,,231.20002879E-6,-959.999978542E-3,
,,,231.60001729E-6,-959.999978542E-3,
,,,232.00002033E-6,-1.000000,
,,,232.40002338E-6,-1.000000,
,,,232.80002642E-6,-959.999978542E-3,
,,,233.20001492E-6,-1.000000,
,,,233.60001796E-6,-979.999959469E-3,
,,,234.00002101E-6,-1.0200000,
,,,234.40002406E-6,-979.999959469E-3,
,,,234.80002710E-6,-1.000000,
,,,235.20001560E-6,-979.999959469E-3,
,,,235.60001864E-6,-1.000000,
,,,236.00002169E-6,-1.000000,
,,,236.40002473E-6,-979.999959469E-3,
,,,236.80002778E-6,-1.000000,
,,,237.20001627E-6,-1.000000,
,,,237.60001932E-6,-959.999978542E-3,
,,,238.00002236E-6,-1.0200000,
,,,238.40002541E-6,-1.0400000,
,,,238.80002846E-6,-1.0599999,
,,,239.20001695E-6,-1.000000,
,,,239.60002000E-6,-979.999959469E-3,
,,,240.00002304E-6,-1.0200000,
,,,240.40002609E-6,-1.000000,
,,,240.80002913E-6,-1.0200000,
,,,241.20001763E-6,-979.999959469E-3,
,,,241.60002067E-6,-979.999959469E-3,
,,,242.00002372E-6,-1.0400000,
,,,242.40002676E-6,-1.0200000,
,,,242.80001526E-6,-1.0200000,
,,,243.20001830E-6,-1.000000,
,,,243.60002135E-6,-1.0200000,
,,,244.00002440E-6,-979.999959469E-3,
,,,244.40002744E-6,-1.000000,
,,,244.80003049E-6,-1.0400000,
,,,245.20003353E-6,-1.0400000,
,,,245.60000747E-6,-1.0200000,
,,,246.00001052E-6,-1.0200000,
,,,246.40001357E-6,-1.0200000,
,,,246.80001661E-6,-1.000000,
,,,247.20001966E-6,-1.000000,
,,,247.60002270E-6,-1.000000,
,,,248.00002575E-6,-1.0200000,
,,,248.40002880E-6,-1.0200000,
,,,248.80003184E-6,-1.0200000,
,,,249.20003489E-6,-1.000000,
,,,249.60000883E-6,-1.000000,
,,,250.00001187E-6,-1.000000,
,,,250.40001492E-6,-1.0200000,
,,,250.80001797E-6,-1.000000,
,,,251.20002101E-6,-1.0200000,
,,,251.60002406E-6,-1.0200000,
,,,252.00002710E-6,-1.000000,
,,,252.40003015E-6,-1.0200000,
,,,252.80003319E-6,-979.999959469E-3,
,,,253.20003624E-6,-1.0200000,
,,,253.60001018E-6,-979.999959469E-3,
,,,254.00001323E-6,-1.0200000,
,,,254.40001627E-6,-979.999959469E-3,
,,,254.80001932E-6,-1.0200000,
,,,255.20002237E-6,-979.999959469E-3,
,,,255.60002541E-6,-1.000000,
,,,256.00002846E-6,-979.999959469E-3,
,,,256.40003150E-6,-1.000000,
,,,256.80003455E-6,-979.999959469E-3,
,,,257.20000849E-6,-1.000000,
,,,257.60001154E-6,-1.000000,
,,,258.00001458E-6,-1.000000,
,,,258.40001763E-6,-939.999997616E-3,
,,,258.80002067E-6,-1.0200000,
,,,259.20002372E-6,-959.999978542E-3,
,,,259.60002677E-6,-979.999959469E-3,
,,,260.00002981E-6,-979.999959469E-3,
,,,260.40003286E-6,-1.000000,
,,,260.80003590E-6,-959.999978542E-3,
,,,261.20000985E-6,-979.999959469E-3,
,,,261.60001289E-6,-959.999978542E-3,
,,,262.00001594E-6,-959.999978542E-3,
,,,262.40001898E-6,-959.999978542E-3,
,,,262.80002203E-6,-979.999959469E-3,
,,,263.20002507E-6,-959.999978542E-3,
,,,263.60002812E-6,-979.999959469E-3,
,,,264.00003117E-6,-979.999959469E-3,
,,,264.40003421E-6,-979.999959469E-3,
,,,264.80000815E-6,-959.999978542E-3,
,,,265.20001120E-6,-1.000000,
,,,265.60001425E-6,-959.999978542E-3,
,,,266.00001729E-6,-919.999957085E-3,
,,,266.40002034E-6,-959.999978542E-3,
,,,266.80002338E-6,-959.999978542E-3,
,,,267.20002643E-6,-919.999957085E-3,
,,,267.60002947E-6,-899.999976158E-3,
,,,268.00003252E-6,-939.999997616E-3,
,,,268.40003557E-6,-919.999957085E-3,
,,,268.80000951E-6,-939.999997616E-3,
,,,269.20001255E-6,-879.999995232E-3,
,,,269.60001560E-6,-919.999957085E-3,
,,,270.00001865E-6,-919.999957085E-3,
,,,270.40002169E-6,-919.999957085E-3,
,,,270.80002474E-6,-899.999976158E-3,
,,,271.20002778E-6,-919.999957085E-3,
,,,271.60003083E-6,-859.999954700E-3,
,,,272.00003387E-6,-919.999957085E-3,
,,,272.40000782E-6,-899.999976158E-3,
,,,272.80001086E-6,-879.999995232E-3,
,,,273.20001391E-6,-899.999976158E-3,
,,,273.60001695E-6,-879.999995232E-3,
,,,274.00002000E-6,-839.999973774E-3,
,,,274.40002305E-6,-879.999995232E-3,
,,,274.80002609E-6,-859.999954700E-3,
,,,275.20002914E-6,-859.999954700E-3,
,,,275.60003218E-6,-839.999973774E-3,
,,,276.00003523E-6,-859.999954700E-3,
,,,276.40000917E-6,-859.999954700E-3,
,,,276.80001222E-6,-879.999995232E-3,
,,,277.20001526E-6,-839.999973774E-3,
,,,277.60001831E-6,-859.999954700E-3,
,,,278.00002135E-6,-839.999973774E-3,
,,,278.40002440E-6,-839.999973774E-3,
,,,278.80002744E-6,-839.999973774E-3,
,,,279.20003049E-6,-819.999992847E-3,
,,,279.60003354E-6,-819.999992847E-3,
,,,280.00003658E-6,-839.999973774E-3,
,,,280.40001052E-6,-819.999992847E-3,
,,,280.80001357E-6,-779.999971390E-3,
,,,281.20001662E-6,-799.999952316E-3,
,,,281.60001966E-6,-839.999973774E-3,
,,,282.00002271E-6,-819.999992847E-3,
,,,282.40002575E-6,-799.999952316E-3,
,,,282.80002880E-6,-799.999952316E-3,
,,,283.20003184E-6,-779.999971390E-3,
,,,283.60003489E-6,-740.000009537E-3,
,,,284.00000883E-6,-759.999990463E-3,
,,,284.40001188E-6,-759.999990463E-3,
,,,284.80001492E-6,-740.000009537E-3,
,,,285.20001797E-6,-779.999971390E-3,
,,,285.60002102E-6,-759.999990463E-3,
,,,286.00002406E-6,-740.000009537E-3,
,,,286.40002711E-6,-759.999990463E-3,
,,,286.80003015E-6,-740.000009537E-3,
,,,287.20003320E-6,-740.000009537E-3,
,,,287.60003624E-6,-759.999990463E-3,
,,,288.00001019E-6,-719.999969006E-3,
,,,288.40001323E-6,-740.000009537E-3,
,,,288.80001628E-6,-719.999969006E-3,
,,,289.20001932E-6,-680.000007153E-3,
,,,289.60002237E-6,-680.000007153E-3,
,,,290.00002542E-6,-699.999988079E-3,
,,,290.40002846E-6,-680.000007153E-3,
,,,290.80003151E-6,-639.999985695E-3,
,,,291.20003455E-6,-659.999966621E-3,
,,,291.60000850E-6,-659.999966621E-3,
,,,292.00001154E-6,-680.000007153E-3,
,,,292.40001459E-6,-639.999985695E-3,
,,,292.80001763E-6,-659.999966621E-3,
,,,293.20002068E-6,-639.999985695E-3,
,,,293.60002372E-6,-659.999966621E-3,
,,,294.00002677E-6,-599.999964237E-3,
,,,294.40002982E-6,-659.999966621E-3,
,,,294.80003286E-6,-620.000004768E-3,
,,,295.20003591E-6,-639.999985695E-3,
,,,295.60000985E-6,-639.999985695E-3,
,,,296.00001290E-6,-599.999964237E-3,
,,,296.40001594E-6,-599.999964237E-3,
,,,296.80001899E-6,-599.999964237E-3,
,,,297.20002203E-6,-579.999983311E-3,
,,,297.60002508E-6,-579.999983311E-3,
,,,298.00002812E-6,-579.999983311E-3,
,,,298.40003117E-6,-539.999961853E-3,
,,,298.80003422E-6,-519.999980927E-3,
,,,299.20000816E-6,-560.000002384E-3,
,,,299.60001120E-6,-560.000002384E-3,
,,,300.00001425E-6,-579.999983311E-3,
,,,300.40001730E-6,-519.999980927E-3,
,,,300.80002034E-6,-519.999980927E-3,
,,,301.20002339E-6,-519.999980927E-3,
,,,301.60002643E-6,-500.000000000E-3,
,,,302.00002948E-6,-519.999980927E-3,
,,,302.40003252E-6,-500.000000000E-3,
,,,302.80003557E-6,-479.999989271E-3,
,,,303.20000951E-6,-500.000000000E-3,
,,,303.60001256E-6,-479.999989271E-3,
,,,304.00001560E-6,-500.000000000E-3,
,,,304.40001865E-6,-459.999978542E-3,
,,,304.80002169E-6,-459.999978542E-3,
,,,305.20002474E-6,-419.999986887E-3,
,,,305.60002779E-6,-459.999978542E-3,
,,,306.00003083E-6,-439.999997616E-3,
,,,306.40003388E-6,-419.999986887E-3,
,,,306.80003692E-6,-419.999986887E-3,
,,,307.20001087E-6,-419.999986887E-3,
,,,307.60001391E-6,-399.99997616E-3,
,,,308.00001696E-6,-419.999986887E-3,
,,,308.40002000E-6,-439.999997616E-3,
,,,308.80002305E-6,-359.99998450E-3,
,,,309.20002609E-6,-399.99997616E-3,
,,,309.60002914E-6,-399.99997616E-3,
,,,310.00003219E-6,-379.99999523E-3,
,,,310.40003523E-6,-359.99998450E-3,
,,,310.80000917E-6,-340.00000358E-3,
,,,311.20001222E-6,-340.00000358E-3,
,,,311.60001527E-6,-359.99998450E-3,
,,,312.00001831E-6,-319.99999285E-3,
,,,312.40002136E-6,-319.99999285E-3,
,,,312.80002440E-6,-319.99999285E-3,
,,,313.20002745E-6,-340.00000358E-3,
,,,313.60003049E-6,-319.99999285E-3,
,,,314.00003354E-6,-299.99998212E-3,
,,,314.40003659E-6,-299.99998212E-3,
,,,314.80001053E-6,-299.99998212E-3,
,,,315.20001357E-6,-259.99999046E-3,
,,,315.60001662E-6,-239.99999464E-3,
,,,316.00001967E-6,-259.99999046E-3,
,,,316.40002271E-6,-259.99999046E-3,
,,,316.80002576E-6,-239.99999464E-3,
,,,317.20002880E-6,-259.99999046E-3,
,,,317.60003185E-6,-239.99999464E-3,
,,,318.00003489E-6,-239.99999464E-3,
,,,318.40000884E-6,-199.99998808E-3,
,,,318.80001188E-6,-179.99999225E-3,
,,,319.20001493E-6,-199.99998808E-3,
,,,319.60001797E-6,-219.99999881E-3,
,,,320.00002102E-6,-179.99999225E-3,
,,,320.40002407E-6,-179.99999225E-3,
,,,320.80002711E-6,-159.99999642E-3,
,,,321.20003016E-6,-179.99999225E-3,
,,,321.60003320E-6,-159.99999642E-3,
,,,322.00003625E-6,-140.0000006E-3,
,,,322.40001019E-6,-159.99999642E-3,
,,,322.80001324E-6,-119.9999973E-3,
,,,323.20001628E-6,-99.999994040E-3,
,,,323.60001933E-6,-119.9999973E-3,
,,,324.00002237E-6,-119.9999973E-3,
,,,324.40002542E-6,-99.999994040E-3,
,,,324.80002847E-6,-99.999994040E-3,
,,,325.20003151E-6,-79.999998212E-3,
,,,325.60003456E-6,-79.999998212E-3,
,,,326.00000850E-6,-79.999998212E-3,
,,,326.40001155E-6,-59.999998659E-3,
,,,326.80001459E-6,-39.99999911E-3,
,,,327.20001764E-6,-79.999998212E-3,
,,,327.60002068E-6,-19.9999996E-3,
,,,328.00002373E-6,-39.99999911E-3,
,,,328.40002677E-6,-39.99999911E-3,
,,,328.80002982E-6,0.0,
,,,329.20003287E-6,0.0,
,,,329.60003591E-6,0.0,
,,,330.00000985E-6,-19.9999996E-3,
,,,330.40001290E-6,0.0,
,,,330.80001594E-6,0.0,
,,,331.20001899E-6,59.999998659E-3,
,,,331.60002204E-6,39.99999911E-3,
,,,332.00002508E-6,59.999998659E-3,
,,,332.40002813E-6,39.99999911E-3,
,,,332.80003117E-6,79.999998212E-3,
,,,333.20003422E-6,59.999998659E-3,
,,,333.60003727E-6,79.999998212E-3,
,,,334.00001121E-6,99.999994040E-3,
,,,334.40001425E-6,119.9999973E-3,
,,,334.80001730E-6,99.999994040E-3,
,,,335.20002034E-6,119.9999973E-3,
,,,335.60002339E-6,140.0000006E-3,
,,,336.00002644E-6,119.9999973E-3,
,,,336.40002948E-6,119.9999973E-3,
,,,336.80003253E-6,140.0000006E-3,
,,,337.20003557E-6,159.99999642E-3,
,,,337.60000952E-6,140.0000006E-3,
,,,338.00001256E-6,179.99999225E-3,
,,,338.40001561E-6,199.99998808E-3,
,,,338.80001865E-6,159.99999642E-3,
,,,339.20002170E-6,159.99999642E-3,
,,,339.60002474E-6,159.99999642E-3,
,,,340.00002779E-6,219.99999881E-3,
,,,340.40003084E-6,199.99998808E-3,
,,,340.80003388E-6,219.99999881E-3,
,,,341.20003693E-6,199.99998808E-3,
,,,341.60001087E-6,219.99999881E-3,
,,,342.00001392E-6,239.99999464E-3,
,,,342.40001696E-6,259.99999046E-3,
,,,342.80002001E-6,259.99999046E-3,
,,,343.20002305E-6,280.00000119E-3,
,,,343.60002610E-6,219.99999881E-3,
,,,344.00002914E-6,259.99999046E-3,
,,,344.40003219E-6,280.00000119E-3,
,,,344.80003524E-6,280.00000119E-3,
,,,345.20000918E-6,280.00000119E-3,
,,,345.60001222E-6,299.99998212E-3,
,,,346.00001527E-6,299.99998212E-3,
,,,346.40001832E-6,319.99999285E-3,
,,,346.80002136E-6,340.00000358E-3,
,,,347.20002441E-6,299.99998212E-3,
,,,347.60002745E-6,340.00000358E-3,
,,,348.00003050E-6,319.99999285E-3,
,,,348.40003354E-6,359.99998450E-3,
,,,348.80003659E-6,340.00000358E-3,
,,,349.20001053E-6,379.99999523E-3,
,,,349.60001358E-6,359.99998450E-3,
,,,350.00001662E-6,379.99999523E-3,
,,,350.40001967E-6,399.99997616E-3,
,,,350.80002272E-6,419.999986887E-3,
,,,351.20002576E-6,419.999986887E-3,
,,,351.60002881E-6,419.999986887E-3,
,,,352.00003185E-6,419.999986887E-3,
,,,352.40003490E-6,419.999986887E-3,
,,,352.80000884E-6,419.999986887E-3,
,,,353.20001189E-6,439.999997616E-3,
,,,353.60001493E-6,419.999986887E-3,
,,,354.00001798E-6,459.999978542E-3,
,,,354.40002102E-6,439.999997616E-3,
,,,354.80002407E-6,459.999978542E-3,
,,,355.20002712E-6,479.999989271E-3,
,,,355.60003016E-6,500.000000000E-3,
,,,356.00003321E-6,500.000000000E-3,
,,,356.40003625E-6,500.000000000E-3,
,,,356.80001020E-6,479.999989271E-3,
,,,357.20001324E-6,479.999989271E-3,
,,,357.60001629E-6,500.000000000E-3,
,,,358.00001933E-6,519.999980927E-3,
,,,358.40002238E-6,519.999980927E-3,
,,,358.80002542E-6,519.999980927E-3,
,,,359.20002847E-6,519.999980927E-3,
,,,359.60003152E-6,539.999961853E-3,
,,,360.00003456E-6,539.999961853E-3,
,,,360.40003761E-6,599.999964237E-3,
,,,360.80001155E-6,560.000002384E-3,
,,,361.20001459E-6,599.999964237E-3,
,,,361.60001764E-6,579.999983311E-3,
,,,362.00002069E-6,579.999983311E-3,
,,,362.40002373E-6,579.999983311E-3,
,,,362.80002678E-6,620.000004768E-3,
,,,363.20002982E-6,599.999964237E-3,
,,,363.60003287E-6,599.999964237E-3,
,,,364.00003592E-6,620.000004768E-3,
,,,364.40000986E-6,620.000004768E-3,
,,,364.80001290E-6,639.999985695E-3,
,,,365.20001595E-6,639.999985695E-3,
,,,365.60001899E-6,639.999985695E-3,
,,,366.00002204E-6,659.999966621E-3,
,,,366.40002509E-6,680.000007153E-3,
,,,366.80002813E-6,639.999985695E-3,
,,,367.20003118E-6,659.999966621E-3,
,,,367.60003422E-6,659.999966621E-3,
,,,368.00003727E-6,659.999966621E-3,
,,,368.40001121E-6,699.999988079E-3,
,,,368.80001426E-6,699.999988079E-3,
,,,369.20001730E-6,719.999969006E-3,
,,,369.60002035E-6,699.999988079E-3,
,,,370.00002339E-6,680.000007153E-3,
,,,370.40002644E-6,719.999969006E-3,
,,,370.80002949E-6,719.999969006E-3,
,,,371.20003253E-6,740.000009537E-3,
,,,371.60003558E-6,740.000009537E-3,
,,,372.00000952E-6,719.999969006E-3,
,,,372.40001257E-6,740.000009537E-3,
,,,372.80001561E-6,759.999990463E-3,
,,,373.20001866E-6,740.000009537E-3,
,,,373.60002170E-6,759.999990463E-3,
,,,374.00002475E-6,799.999952316E-3,
,,,374.40002779E-6,740.000009537E-3,
,,,374.80003084E-6,779.999971390E-3,
,,,375.20003389E-6,779.999971390E-3,
,,,375.60003693E-6,779.999971390E-3,
,,,376.00001087E-6,779.999971390E-3,
,,,376.40001392E-6,779.999971390E-3,
,,,376.80001697E-6,779.999971390E-3,
,,,377.20002001E-6,799.999952316E-3,
,,,377.60002306E-6,819.999992847E-3,
,,,378.00002610E-6,799.999952316E-3,
,,,378.40002915E-6,819.999992847E-3,
,,,378.80003219E-6,799.999952316E-3,
,,,379.20003524E-6,819.999992847E-3,
,,,379.60000918E-6,819.999992847E-3,
,,,380.00001223E-6,799.999952316E-3,
,,,380.40001527E-6,839.999973774E-3,
,,,380.80001832E-6,839.999973774E-3,
,,,381.20002137E-6,859.999954700E-3,
,,,381.60002441E-6,839.999973774E-3,
,,,382.00002746E-6,859.999954700E-3,
,,,382.40003050E-6,859.999954700E-3,
,,,382.80003355E-6,859.999954700E-3,
,,,383.20003659E-6,879.999995232E-3,
,,,383.60001054E-6,879.999995232E-3,
,,,384.00001358E-6,899.999976158E-3,
,,,384.40001663E-6,879.999995232E-3,
,,,384.80001967E-6,899.999976158E-3,
,,,385.20002272E-6,879.999995232E-3,
,,,385.60002577E-6,899.999976158E-3,
,,,386.00002881E-6,899.999976158E-3,
,,,386.40003186E-6,899.999976158E-3,
,,,386.80003490E-6,879.999995232E-3,
,,,387.20003795E-6,899.999976158E-3,
,,,387.60001189E-6,919.999957085E-3,
,,,388.00001494E-6,919.999957085E-3,
,,,388.40001798E-6,939.999997616E-3,
,,,388.80002103E-6,899.999976158E-3,
,,,389.20002407E-6,919.999957085E-3,
,,,389.60002712E-6,899.999976158E-3,
,,,390.00003017E-6,919.999957085E-3,
,,,390.40003321E-6,939.999997616E-3,
,,,390.80003626E-6,939.999997616E-3,
,,,391.20001020E-6,899.999976158E-3,
,,,391.60001324E-6,919.999957085E-3,
,,,392.00001629E-6,959.999978542E-3,
,,,392.40001934E-6,959.999978542E-3,
,,,392.80002238E-6,959.999978542E-3,
,,,393.20002543E-6,959.999978542E-3,
,,,393.60002847E-6,939.999997616E-3,
,,,394.00003152E-6,939.999997616E-3,
,,,394.40003457E-6,979.999959469E-3,
,,,394.80003761E-6,979.999959469E-3,
,,,395.20001155E-6,979.999959469E-3,
,,,395.60001460E-6,979.999959469E-3,
,,,396.00001764E-6,1.000000,
,,,396.40002069E-6,959.999978542E-3,
,,,396.80002374E-6,979.999959469E-3,
,,,397.20002678E-6,959.999978542E-3,
,,,397.60002983E-6,979.999959469E-3,
,,,398.00003287E-6,979.999959469E-3,
,,,398.40003592E-6,979.999959469E-3,
,,,398.80000986E-6,959.999978542E-3,
,,,399.20001291E-6,1.000000,
,,,399.60001595E-6,979.999959469E-3,
,,,400.00001900E-6,1.0200000,
,,,400.40002204E-6,979.999959469E-3,
,,,400.80002509E-6,1.0400000,
,,,401.20002814E-6,979.999959469E-3,
,,,401.60003118E-6,1.0200000,
,,,402.00003423E-6,1.000000,
,,,402.40003727E-6,1.0200000,
,,,402.80001122E-6,1.0400000,
,,,403.20001426E-6,1.000000,
,,,403.600017307E-6,1.0400000,
,,,404.000020353E-6,1.000000,
,,,404.400023399E-6,1.0200000,
,,,404.800026445E-6,1.000000,
,,,405.200029491E-6,1.000000,
,,,405.600032536E-6,1.000000,
,,,406.000035582E-6,1.0200000,
,,,406.400009524E-6,1.0400000,
,,,406.800012570E-6,1.000000,
,,,407.200015616E-6,1.0200000,
,,,407.600018661E-6,1.000000,
,,,408.000021707E-6,1.0400000,
,,,408.400024753E-6,1.0400000,
,,,408.800027799E-6,1.0400000,
,,,409.200030845E-6,1.000000,
,,,409.600033890E-6,1.0200000,
,,,410.000036936E-6,1.0200000,
,,,410.400010878E-6,1.0400000,
,,,410.800013924E-6,1.0400000,
,,,411.200016970E-6,1.0400000,
,,,411.600020016E-6,1.0400000,
,,,412.000023061E-6,1.0400000,
,,,412.400026107E-6,1.0200000,
,,,412.800029153E-6,1.000000,
,,,413.200032199E-6,1.000000,
,,,413.600035245E-6,1.0599999,
,,,414.000038290E-6,1.0400000,
,,,414.400012232E-6,1.0200000,
,,,414.800015278E-6,1.0400000,
,,,415.200018324E-6,1.0400000,
,,,415.600021370E-6,1.0200000,
,,,416.000024416E-6,1.0200000,
,,,416.400027461E-6,1.000000,
,,,416.800030507E-6,1.0400000,
,,,417.200033553E-6,1.0599999,
,,,417.600036599E-6,1.0200000,
,,,418.000010541E-6,1.0200000,
,,,418.400013587E-6,1.0200000,
,,,418.800016632E-6,1.0200000,
,,,419.200019678E-6,1.0400000,
,,,419.600022724E-6,1.0200000,
,,,420.000025770E-6,979.999959469E-3,
,,,420.400028815E-6,1.0200000,
,,,420.800031861E-6,1.000000,
,,,421.200034907E-6,979.999959469E-3,
,,,421.600037953E-6,1.0200000,
,,,422.000011895E-6,979.999959469E-3,
,,,422.400014941E-6,1.000000,
,,,422.800017986E-6,1.000000,
,,,423.200021032E-6,1.000000,
,,,423.600024078E-6,1.000000,
,,,424.000027124E-6,1.000000,
,,,424.400030170E-6,979.999959469E-3,
,,,424.800033215E-6,1.000000,
,,,425.200036261E-6,979.999959469E-3,
,,,425.600010203E-6,979.999959469E-3,
,,,426.000013249E-6,979.999959469E-3,
,,,426.400016295E-6,1.000000,
,,,426.800019341E-6,979.999959469E-3,
,,,427.200022386E-6,979.999959469E-3,
,,,427.600025432E-6,1.000000,
,,,428.000028478E-6,979.999959469E-3,
,,,428.400031524E-6,959.999978542E-3,
,,,428.800034570E-6,959.999978542E-3,
,,,429.200037615E-6,959.999978542E-3,
,,,429.600011557E-6,959.999978542E-3,
,,,430.000014603E-6,979.999959469E-3,
,,,430.400017649E-6,959.999978542E-3,
,,,430.800020695E-6,959.999978542E-3,
,,,431.200023741E-6,959.999978542E-3,
,,,431.600026786E-6,979.999959469E-3,
,,,432.000029832E-6,959.999978542E-3,
,,,432.400032878E-6,979.999959469E-3,
,,,432.800035924E-6,959.999978542E-3,
,,,433.200009866E-6,939.999997616E-3,
,,,433.600012911E-6,939.999997616E-3,
,,,434.000015957E-6,939.999997616E-3,
,,,434.400019003E-6,959.999978542E-3,
,,,434.800022049E-6,959.999978542E-3,
,,,435.200025095E-6,959.999978542E-3,
,,,435.600028140E-6,939.999997616E-3,
,,,436.000031186E-6,899.999976158E-3,
,,,436.400034232E-6,939.999997616E-3,
,,,436.800037278E-6,919.999957085E-3,
,,,437.200011220E-6,919.999957085E-3,
,,,437.600014266E-6,919.999957085E-3,
,,,438.000017311E-6,899.999976158E-3,
,,,438.400020357E-6,899.999976158E-3,
,,,438.800023403E-6,899.999976158E-3,
,,,439.200026449E-6,919.999957085E-3,
,,,439.600029495E-6,919.999957085E-3,
,,,440.000032540E-6,919.999957085E-3,
,,,440.400035586E-6,919.999957085E-3,
,,,440.800038632E-6,879.999995232E-3,
,,,441.200012574E-6,859.999954700E-3,
,,,441.600015620E-6,899.999976158E-3,
,,,442.000018666E-6,899.999976158E-3,
,,,442.400021711E-6,879.999995232E-3,
,,,442.800024757E-6,839.999973774E-3,
,,,443.200027803E-6,859.999954700E-3,
,,,443.600030849E-6,879.999995232E-3,
,,,444.000033895E-6,859.999954700E-3,
,,,444.400036940E-6,859.999954700E-3,
,,,444.800010882E-6,839.999973774E-3,
,,,445.200013928E-6,859.999954700E-3,
,,,445.600016974E-6,819.999992847E-3,
,,,446.000020020E-6,859.999954700E-3,
,,,446.400023066E-6,799.999952316E-3,
,,,446.800026111E-6,839.999973774E-3,
,,,447.200029157E-6,819.999992847E-3,
,,,447.600032203E-6,819.999992847E-3,
,,,448.000035249E-6,819.999992847E-3,
,,,448.400038294E-6,819.999992847E-3,
,,,448.800012236E-6,779.999971390E-3,
,,,449.200015282E-6,799.999952316E-3,
,,,449.600018328E-6,779.999971390E-3,
,,,450.000021374E-6,799.999952316E-3,
,,,450.400024420E-6,779.999971390E-3,
,,,450.800027465E-6,799.999952316E-3,
,,,451.200030511E-6,779.999971390E-3,
,,,451.600033557E-6,799.999952316E-3,
,,,452.000036603E-6,759.999990463E-3,
,,,452.400010545E-6,759.999990463E-3,
,,,452.800013591E-6,759.999990463E-3,
,,,453.200016636E-6,779.999971390E-3,
,,,453.600019682E-6,740.000009537E-3,
,,,454.000022728E-6,740.000009537E-3,
,,,454.400025774E-6,719.999969006E-3,
,,,454.800028820E-6,759.999990463E-3,
,,,455.200031865E-6,699.999988079E-3,
,,,455.600034911E-6,740.000009537E-3,
,,,456.000037957E-6,699.999988079E-3,
,,,456.400011899E-6,680.000007153E-3,
,,,456.800014945E-6,719.999969006E-3,
,,,457.200017991E-6,699.999988079E-3,
,,,457.600021036E-6,719.999969006E-3,
,,,458.000024082E-6,699.999988079E-3,
,,,458.400027128E-6,699.999988079E-3,
,,,458.800030174E-6,680.000007153E-3,
,,,459.200033220E-6,639.999985695E-3,
,,,459.600036265E-6,659.999966621E-3,
,,,460.000010207E-6,680.000007153E-3,
,,,460.400013253E-6,680.000007153E-3,
,,,460.800016299E-6,620.000004768E-3,
,,,461.200019345E-6,639.999985695E-3,
,,,461.600022390E-6,639.999985695E-3,
,,,462.000025436E-6,620.000004768E-3,
,,,462.400028482E-6,599.999964237E-3,
,,,462.800031528E-6,599.999964237E-3,
,,,463.200034574E-6,599.999964237E-3,
,,,463.600037619E-6,620.000004768E-3,
,,,464.000011561E-6,579.999983311E-3,
,,,464.400014607E-6,599.999964237E-3,
,,,464.800017653E-6,579.999983311E-3,
,,,465.200020699E-6,579.999983311E-3,
,,,465.600023745E-6,539.999961853E-3,
,,,466.000026790E-6,560.000002384E-3,
,,,466.400029836E-6,539.999961853E-3,
,,,466.800032882E-6,539.999961853E-3,
,,,467.200035928E-6,560.000002384E-3,
,,,467.600038974E-6,539.999961853E-3,
,,,468.000012916E-6,519.999980927E-3,
,,,468.400015961E-6,519.999980927E-3,
,,,468.800019007E-6,519.999980927E-3,
,,,469.200022053E-6,500.000000000E-3,
,,,469.600025099E-6,500.000000000E-3,
,,,470.000028145E-6,500.000000000E-3,
,,,470.400031190E-6,500.000000000E-3,
,,,470.800034236E-6,479.999989271E-3,
,,,471.200037282E-6,459.999978542E-3,
,,,471.600011224E-6,459.999978542E-3,
,,,472.000014270E-6,459.999978542E-3,
,,,472.400017316E-6,459.999978542E-3,
,,,472.800020361E-6,439.999997616E-3,
,,,473.200023407E-6,459.999978542E-3,
,,,473.600026453E-6,439.999997616E-3,
,,,474.000029499E-6,439.999997616E-3,
,,,474.400032545E-6,419.999986887E-3,
,,,474.800035590E-6,419.999986887E-3,
,,,475.200038636E-6,399.99997616E-3,
,,,475.600012578E-6,399.99997616E-3,
,,,476.000015624E-6,379.99999523E-3,
,,,476.400018670E-6,379.99999523E-3,
,,,476.800021715E-6,379.99999523E-3,
,,,477.200024761E-6,379.99999523E-3,
,,,477.600027807E-6,379.99999523E-3,
,,,478.000030853E-6,340.00000358E-3,
,,,478.400033899E-6,340.00000358E-3,
,,,478.800036944E-6,340.00000358E-3,
,,,479.200010886E-6,340.00000358E-3,
,,,479.600013932E-6,319.99999285E-3,
,,,480.000016978E-6,340.00000358E-3,
,,,480.400020024E-6,299.99998212E-3,
,,,480.800023070E-6,299.99998212E-3,
,,,481.200026115E-6,299.99998212E-3,
,,,481.600029161E-6,299.99998212E-3,
,,,482.000032207E-6,259.99999046E-3,
,,,482.400035253E-6,280.00000119E-3,
,,,482.800038299E-6,280.00000119E-3,
,,,483.200012241E-6,259.99999046E-3,
,,,483.600015286E-6,280.00000119E-3,
,,,484.000018332E-6,219.99999881E-3,
,,,484.400021378E-6,259.99999046E-3,
,,,484.800024424E-6,219.99999881E-3,
,,,485.200027470E-6,219.99999881E-3,
,,,485.600030515E-6,219.99999881E-3,
,,,486.000033561E-6,199.99998808E-3,
,,,486.400036607E-6,159.99999642E-3,
,,,486.800010549E-6,179.99999225E-3,
,,,487.200013595E-6,159.99999642E-3,
,,,487.600016640E-6,199.99998808E-3,
,,,488.000019686E-6,179.99999225E-3,
,,,488.400051836E-6,140.0000006E-3,
,,,488.799996674E-6,140.0000006E-3,
,,,489.199999720E-6,140.0000006E-3,
,,,489.600002766E-6,140.0000006E-3,
,,,490.000005811E-6,119.9999973E-3,
,,,490.400008857E-6,140.0000006E-3,
,,,490.800011903E-6,79.999998212E-3,
,,,491.200014949E-6,119.9999973E-3,
,,,491.600017995E-6,119.9999973E-3,
,,,492.000021040E-6,99.999994040E-3,
,,,492.400024086E-6,79.999998212E-3,
,,,492.800027132E-6,79.999998212E-3,
,,,493.200030178E-6,59.999998659E-3,
,,,493.600033224E-6,39.99999911E-3,
,,,494.000036269E-6,19.9999996E-3,
,,,494.400039315E-6,59.999998659E-3,
,,,494.800042361E-6,39.99999911E-3,
,,,495.200045407E-6,79.999998212E-3,
,,,495.600048453E-6,0.0,
,,,496.000051498E-6,19.9999996E-3,
,,,496.399996337E-6,39.99999911E-3,
,,,496.799999382E-6,0.0,
,,,497.200002428E-6,19.9999996E-3,
,,,497.600005474E-6,-19.9999996E-3,
,,,498.000008520E-6,-19.9999996E-3,
,,,498.400011566E-6,0.0,
,,,498.800014611E-6,-59.999998659E-3,
,,,499.200017657E-6,-39.99999911E-3,
,,,499.600020703E-6,-79.999998212E-3,
,,,500.000023749E-6,-59.999998659E-3,
,,,500.400026795E-6,-79.999998212E-3,
,,,500.800029840E-6,-79.999998212E-3,
,,,501.200032886E-6,-59.999998659E-3,
,,,501.600035932E-6,-99.999994040E-3,
,,,502.000038978E-6,-99.999994040E-3,
,,,502.400042024E-6,-99.999994040E-3,
,,,502.800045069E-6,-140.0000006E-3,
,,,503.200048115E-6,-99.999994040E-3,
,,,503.600051161E-6,-119.9999973E-3,
,,,503.999995999E-6,-119.9999973E-3,
,,,504.399999045E-6,-159.99999642E-3,
,,,504.800002091E-6,-119.9999973E-3,
,,,505.200005136E-6,-140.0000006E-3,
,,,505.600008182E-6,-179.99999225E-3,
,,,506.000011228E-6,-140.0000006E-3,
,,,506.400014274E-6,-219.99999881E-3,
,,,506.800017320E-6,-199.99998808E-3,
,,,507.200020365E-6,-179.99999225E-3,
,,,507.600023411E-6,-219.99999881E-3,
,,,508.000026457E-6,-219.99999881E-3,
,,,508.400029503E-6,-219.99999881E-3,
,,,508.800032549E-6,-219.99999881E-3,
,,,509.200035594E-6,-219.99999881E-3,
,,,509.600038640E-6,-239.99999464E-3,
,,,510.000041686E-6,-239.99999464E-3,
,,,510.400044732E-6,-259.99999046E-3,
,,,510.800047778E-6,-259.99999046E-3,
,,,511.200050823E-6,-280.00000119E-3,
,,,511.600053869E-6,-280.00000119E-3,
,,,511.999998707E-6,-299.99998212E-3,
,,,512.400001753E-6,-299.99998212E-3,
,,,512.800004799E-6,-299.99998212E-3,
,,,513.200007845E-6,-299.99998212E-3,
,,,513.600010891E-6,-299.99998212E-3,
,,,514.000013936E-6,-280.00000119E-3,
,,,514.400016982E-6,-340.00000358E-3,
,,,514.800020028E-6,-319.99999285E-3,
,,,515.200023074E-6,-359.99998450E-3,
,,,515.600026120E-6,-379.99999523E-3,
,,,516.000029165E-6,-359.99998450E-3,
,,,516.400032211E-6,-359.99998450E-3,
,,,516.800035257E-6,-359.99998450E-3,
,,,517.200038303E-6,-379.99999523E-3,
,,,517.600041348E-6,-399.99997616E-3,
,,,518.000044394E-6,-399.99997616E-3,
,,,518.400047440E-6,-379.99999523E-3,
,,,518.800050486E-6,-399.99997616E-3,
,,,519.200053532E-6,-419.999986887E-3,
,,,519.599998370E-6,-399.99997616E-3,
,,,520.000001416E-6,-419.999986887E-3,
,,,520.400004461E-6,-439.999997616E-3,
,,,520.800007507E-6,-439.999997616E-3,
,,,521.200010553E-6,-419.999986887E-3,
,,,521.600013599E-6,-439.999997616E-3,
,,,522.000016645E-6,-479.999989271E-3,
,,,522.400019690E-6,-459.999978542E-3,
,,,522.800022736E-6,-479.999989271E-3,
,,,523.200025782E-6,-519.999980927E-3,
,,,523.600028828E-6,-500.000000000E-3,
