Record Length,1024,Points,0.0,-35.78969955,
Sample Interval,49.32133865,Hz,49.32133865,-34.18970108,
Trigger Point,0.0,Samples,98.642677307,-40.98970032,
,,,147.9640198,-64.589698792,
,,,197.28535461,-66.989700317,
,,,246.60668945,-66.989700317,
Source,MATH,,295.92803955,-66.989700317,
Vertical Units,dB,,345.24935913,-61.389701843,
Vertical Scale,10.0000001,,394.57070923,-66.989700317,
Vertical Offset,-26,9897,,443.892059326,-66.989700317,
Horizontal Units,Hz,,493.213378906,-66.989700317,
Horizontal Scale,5.05050532E3,,542.534729004,-66.989700317,
Pt Fmt,Y,,591.856079102,-66.989700317,
Yzero,0.0,,641.177429199,-64.589698792,
,,,690.498718262,-66.989700317,
,,,739.820068359,-64.589698792,
Note,TDS 2012B - 9:11:35 a. m.   31/07/2025,,789.141418457,-66.989700317,
,,,838.462768555,-66.989700317,
,,,887.784118652,-64.589698792,
,,,937.105407715,-66.989700317,
,,,986.426757813,-66.989700317,
,,,1.0357482E3,-66.989700317,
,,,1.0850695E3,-66.989700317,
,,,1.1343908E3,-66.989700317,
,,,1.1837122E3,-60.589702606,
,,,1.2330335E3,-60.589702606,
,,,1.2823549E3,-60.589702606,
,,,1.3316762E3,-64.589698792,
,,,1.3809975E3,-64.589698792,
,,,1.4303189E3,-64.589698792,
,,,1.4796402E3,-60.589702606,
,,,1.5289616E3,-57.389701843,
,,,1.5782829E3,-60.589702606,
,,,1.6276042E3,-60.589702606,
,,,1.6769256E3,-66.989700317,
,,,1.7262469E3,-66.989700317,
,,,1.7755683E3,-66.989700317,
,,,1.8248896E3,-66.989700317,
,,,1.8742109E3,-64.589698792,
,,,1.9235323E3,-66.989700317,
,,,1.9728536E3,-61.389701843,
,,,2.0221750E3,-66.989700317,
,,,2.0714964E3,-66.989700317,
,,,2.1208177E3,-66.989700317,
,,,2.1701390E3,-66.989700317,
,,,2.2194603E3,-64.589698792,
,,,2.2687816E3,-66.989700317,
,,,2.3181031E3,-66.989700317,
,,,2.3674244E3,-64.589698792,
,,,2.4167457E3,-66.989700317,
,,,2.4660670E3,-61.389701843,
,,,2.5153883E3,-60.589702606,
,,,2.5647098E3,-66.989700317,
,,,2.6140311E3,-60.589702606,
,,,2.6633524E3,-61.389701843,
,,,2.7126737E3,-57.389701843,
,,,2.76199500E3,-52.58969879,
,,,2.81131654E3,-46.58969879,
,,,2.86063783E3,-33.38970184,
,,,2.90995912E3,-9.789700508,
,,,2.95928041E3,-4.98969984,
,,,3.00860171E3,-4.58969975,
,,,3.05792324E3,-5.78970003,
,,,3.10724453E3,-14.1897001,
,,,3.15656582E3,-39.38970184,
,,,3.20588712E3,-48.98970032,
,,,3.25520841E3,-57.789699554,
,,,3.30452994E3,-60.589702606,
,,,3.35385123E3,-56.189701080,
,,,3.40317252E3,-57.389701843,
,,,3.45249382E3,-53.38970184,
,,,3.50181511E3,-56.189701080,
,,,3.55113664E3,-54.989700317,
,,,3.60045793E3,-58.589702606,
,,,3.64977923E3,-60.589702606,
,,,3.69910052E3,-64.589698792,
,,,3.74842181E3,-64.589698792,
,,,3.79774334E3,-64.589698792,
,,,3.84706464E3,-60.589702606,
,,,3.89638593E3,-57.389701843,
,,,3.94570722E3,-54.989700317,
,,,3.99502851E3,-58.589702606,
,,,4.04435005E3,-60.589702606,
,,,4.09367134E3,-66.989700317,
,,,4.14299287E3,-64.589698792,
,,,4.19231416E3,-60.589702606,
,,,4.24163546E3,-66.989700317,
,,,4.29095675E3,-66.989700317,
,,,4.34027804E3,-64.589698792,
,,,4.38959933E3,-66.989700317,
,,,4.43892062E3,-66.989700317,
,,,4.48824191E3,-66.989700317,
,,,4.53756320E3,-60.589702606,
,,,4.58688450E3,-60.589702606,
,,,4.63620627E3,-60.589702606,
,,,4.68552757E3,-66.989700317,
,,,4.73484886E3,-61.389701843,
,,,4.78417015E3,-64.589698792,
,,,4.83349144E3,-57.389701843,
,,,4.88281273E3,-57.389701843,
,,,4.93213402E3,-61.389701843,
,,,4.98145531E3,-60.589702606,
,,,5.03077661E3,-64.589698792,
,,,5.08009790E3,-60.589702606,
,,,5.12941968E3,-60.589702606,
,,,5.17874097E3,-61.389701843,
,,,5.22806226E3,-61.389701843,
,,,5.27738355E3,-64.589698792,
,,,5.32670484E3,-66.989700317,
,,,5.37602613E3,-66.989700317,
,,,5.42534743E3,-66.989700317,
,,,5.47466872E3,-66.989700317,
,,,5.52399001E3,-66.989700317,
,,,5.57331130E3,-66.989700317,
,,,5.62263308E3,-66.989700317,
,,,5.67195437E3,-60.589702606,
,,,5.72127566E3,-60.589702606,
,,,5.77059695E3,-61.389701843,
,,,5.81991825E3,-60.589702606,
,,,5.86923954E3,-61.389701843,
,,,5.91856083E3,-66.989700317,
,,,5.96788212E3,-61.389701843,
,,,6.01720341E3,-60.589702606,
,,,6.06652470E3,-64.589698792,
,,,6.11584648E3,-66.989700317,
,,,6.16516777E3,-66.989700317,
,,,6.21448906E3,-66.989700317,
,,,6.26381036E3,-61.389701843,
,,,6.31313165E3,-66.989700317,
,,,6.36245294E3,-66.989700317,
,,,6.41177423E3,-66.989700317,
,,,6.46109552E3,-66.989700317,
,,,6.51041681E3,-66.989700317,
,,,6.55973859E3,-64.589698792,
,,,6.60905988E3,-64.589698792,
,,,6.65838118E3,-66.989700317,
,,,6.70770247E3,-66.989700317,
,,,6.75702376E3,-66.989700317,
,,,6.80634505E3,-66.989700317,
,,,6.85566634E3,-66.989700317,
,,,6.90498763E3,-66.989700317,
,,,6.95430892E3,-64.589698792,
,,,7.00363022E3,-64.589698792,
,,,7.05295200E3,-66.989700317,
,,,7.10227329E3,-64.589698792,
,,,7.15159458E3,-61.389701843,
,,,7.20091587E3,-64.589698792,
,,,7.25023716E3,-64.589698792,
,,,7.29955845E3,-60.589702606,
,,,7.34887974E3,-57.789699554,
,,,7.398201035E3,-57.789699554,
,,,7.447522326E3,-61.389701843,
,,,7.496843618E3,-64.589698792,
,,,7.546165397E3,-66.989700317,
,,,7.595486689E3,-66.989700317,
,,,7.644807980E3,-66.989700317,
,,,7.694129272E3,-66.989700317,
,,,7.743450563E3,-66.989700317,
,,,7.792771855E3,-66.989700317,
,,,7.842093146E3,-66.989700317,
,,,7.891414437E3,-64.589698792,
,,,7.940735729E3,-64.589698792,
,,,7.990057020E3,-66.989700317,
,,,8.039378800E3,-60.589702606,
,,,8.088700091E3,-64.589698792,
,,,8.138021383E3,-66.989700317,
,,,8.187342674E3,-66.989700317,
,,,8.236663477E3,-61.389701843,
,,,8.285985745E3,-61.389701843,
,,,8.335307037E3,-66.989700317,
,,,8.384628328E3,-66.989700317,
,,,8.433949619E3,-66.989700317,
,,,8.483270911E3,-61.389701843,
,,,8.532592202E3,-66.989700317,
,,,8.581913494E3,-66.989700317,
,,,8.631234785E3,-64.589698792,
,,,8.680556076E3,-60.589702606,
,,,8.729877368E3,-61.389701843,
,,,8.779198659E3,-60.589702606,
,,,8.828519951E3,-60.589702606,
,,,8.877841242E3,-38.58969879,
,,,8.927162533E3,-26.18970108,
,,,8.976483825E3,-23.78969955,
,,,9.025805116E3,-23.78969955,
,,,9.075126408E3,-26.58970070,
,,,9.124447699E3,-40.58969879,
,,,9.173768990E3,-58.589702606,
,,,9.223090282E3,-66.989700317,
,,,9.272412550E3,-66.989700317,
,,,9.321733841E3,-60.589702606,
,,,9.371055133E3,-58.589702606,
,,,9.420376424E3,-57.389701843,
,,,9.469697715E3,-57.789699554,
,,,9.519019007E3,-60.589702606,
,,,9.568340298E3,-64.589698792,
,,,9.617661590E3,-64.589698792,
,,,9.666982881E3,-64.589698792,
,,,9.716304172E3,-64.589698792,
,,,9.765625464E3,-66.989700317,
,,,9.814946755E3,-64.589698792,
,,,9.864268047E3,-60.589702606,
,,,9.913589338E3,-60.589702606,
,,,9.962910629E3,-61.389701843,
,,,10.0122319E3,-66.989700317,
,,,10.0615532E3,-66.989700317,
,,,10.1108745E3,-60.589702606,
,,,10.1601958E3,-60.589702606,
,,,10.2095181E3,-61.389701843,
,,,10.2588394E3,-61.389701843,
,,,10.3081606E3,-61.389701843,
,,,10.3574819E3,-57.789699554,
,,,10.4068032E3,-60.589702606,
,,,10.4561245E3,-64.589698792,
,,,10.5054458E3,-66.989700317,
,,,10.5547671E3,-61.389701843,
,,,10.6040884E3,-61.389701843,
,,,10.6534097E3,-66.989700317,
,,,10.7027310E3,-66.989700317,
,,,10.7520523E3,-66.989700317,
,,,10.8013736E3,-61.389701843,
,,,10.8506949E3,-60.589702606,
,,,10.9000161E3,-66.989700317,
,,,10.9493374E3,-66.989700317,
,,,10.9986587E3,-66.989700317,
,,,11.0479800E3,-66.989700317,
,,,11.0973013E3,-66.989700317,
,,,11.1466226E3,-66.989700317,
,,,11.1959449E3,-66.989700317,
,,,11.2452662E3,-66.989700317,
,,,11.2945875E3,-66.989700317,
,,,11.3439087E3,-64.589698792,
,,,11.3932300E3,-66.989700317,
,,,11.4425513E3,-66.989700317,
,,,11.4918726E3,-66.989700317,
,,,11.5411939E3,-60.589702606,
,,,11.5905152E3,-60.589702606,
,,,11.6398365E3,-58.589702606,
,,,11.6891578E3,-64.589698792,
,,,11.7384791E3,-66.989700317,
,,,11.7878004E3,-66.989700317,
,,,11.8371217E3,-66.989700317,
,,,11.8864429E3,-64.589698792,
,,,11.9357642E3,-60.589702606,
,,,11.9850855E3,-66.989700317,
,,,12.0344068E3,-66.989700317,
,,,12.0837281E3,-66.989700317,
,,,12.1330494E3,-66.989700317,
,,,12.1823717E3,-66.989700317,
,,,12.2316930E3,-66.989700317,
,,,12.2810143E3,-66.989700317,
,,,12.3303355E3,-66.989700317,
,,,12.3796568E3,-64.589698792,
,,,12.4289781E3,-66.989700317,
,,,12.4782994E3,-64.589698792,
,,,12.5276207E3,-60.589702606,
,,,12.5769420E3,-64.589698792,
,,,12.6262633E3,-60.589702606,
,,,12.6755846E3,-66.989700317,
,,,12.7249059E3,-66.989700317,
,,,12.7742272E3,-66.989700317,
,,,12.8235485E3,-66.989700317,
,,,12.8728698E3,-64.589698792,
,,,12.9221910E3,-66.989700317,
,,,12.9715123E3,-61.389701843,
,,,13.0208336E3,-57.789699554,
,,,13.0701549E3,-57.389701843,
,,,13.1194772E3,-61.389701843,
,,,13.1687985E3,-66.989700317,
,,,13.2181198E3,-66.989700317,
,,,13.2674411E3,-66.989700317,
,,,13.3167624E3,-66.989700317,
,,,13.3660836E3,-64.589698792,
,,,13.4154049E3,-64.589698792,
,,,13.4647262E3,-64.589698792,
,,,13.5140475E3,-66.989700317,
,,,13.5633688E3,-61.389701843,
,,,13.6126901E3,-66.989700317,
,,,13.6620114E3,-64.589698792,
,,,13.7113327E3,-60.589702606,
,,,13.7606540E3,-61.389701843,
,,,13.8099753E3,-61.389701843,
,,,13.8592966E3,-60.589702606,
,,,13.9086178E3,-66.989700317,
,,,13.9579391E3,-57.789699554,
,,,14.0072604E3,-57.389701843,
,,,14.0565817E3,-56.189701080,
,,,14.1059040E3,-58.589702606,
,,,14.1552253E3,-61.389701843,
,,,14.2045466E3,-66.989700317,
,,,14.2538679E3,-66.989700317,
,,,14.3031892E3,-66.989700317,
,,,14.3525104E3,-64.589698792,
,,,14.4018317E3,-61.389701843,
,,,14.4511530E3,-60.589702606,
,,,14.5004743E3,-60.589702606,
,,,14.5497956E3,-64.589698792,
,,,14.5991169E3,-66.989700317,
,,,14.6484382E3,-64.589698792,
,,,14.6977595E3,-66.989700317,
,,,14.7470808E3,-66.989700317,
,,,14.7964021E3,-66.989700317,
,,,14.8457234E3,-66.989700317,
,,,14.8950447E3,-41.38970184,
,,,14.9443659E3,-33.78969955,
,,,14.9936872E3,-32.58969879,
,,,15.0430085E3,-32.98970032,
,,,15.0923308E3,-38.18970108,
,,,15.1416521E3,-64.589698792,
,,,15.1909734E3,-66.989700317,
,,,15.2402947E3,-64.589698792,
,,,15.2896160E3,-64.589698792,
,,,15.3389373E3,-66.989700317,
,,,15.3882585E3,-66.989700317,
,,,15.4375798E3,-66.989700317,
,,,15.4869011E3,-66.989700317,
,,,15.5362224E3,-66.989700317,
,,,15.5855437E3,-61.389701843,
,,,15.6348650E3,-60.589702606,
,,,15.6841863E3,-58.589702606,
,,,15.7335076E3,-57.389701843,
,,,15.7828289E3,-60.589702606,
,,,15.8321502E3,-66.989700317,
,,,15.8814715E3,-66.989700317,
,,,15.9307927E3,-66.989700317,
,,,15.9801140E3,-66.989700317,
,,,16.0294363E3,-61.389701843,
,,,16.0787576E3,-66.989700317,
,,,16.1280789E3,-66.989700317,
,,,16.1774002E3,-66.989700317,
,,,16.2267215E3,-64.589698792,
,,,16.2760428E3,-66.989700317,
,,,16.3253641E3,-66.989700317,
,,,16.3746853E3,-64.589698792,
,,,16.4240066E3,-66.989700317,
,,,16.4733270E3,-66.989700317,
,,,16.5226492E3,-64.589698792,
,,,16.5719715E3,-61.389701843,
,,,16.6212918E3,-66.989700317,
,,,16.6706141E3,-66.989700317,
,,,16.7199344E3,-66.989700317,
,,,16.7692567E3,-66.989700317,
,,,16.8185770E3,-66.989700317,
,,,16.8678992E3,-66.989700317,
,,,16.9172196E3,-66.989700317,
,,,16.9665418E3,-64.589698792,
,,,17.0158621E3,-64.589698792,
,,,17.0651844E3,-61.389701843,
,,,17.1145047E3,-66.989700317,
,,,17.1638270E3,-61.389701843,
,,,17.2131473E3,-60.589702606,
,,,17.2624696E3,-60.589702606,
,,,17.3117899E3,-66.989700317,
,,,17.3611122E3,-66.989700317,
,,,17.4104325E3,-66.989700317,
,,,17.4597547E3,-66.989700317,
,,,17.5090770E3,-66.989700317,
,,,17.5583973E3,-66.989700317,
,,,17.6077196E3,-64.589698792,
,,,17.6570399E3,-64.589698792,
,,,17.7063622E3,-64.589698792,
,,,17.7556825E3,-66.989700317,
,,,17.8050048E3,-60.589702606,
,,,17.8543251E3,-57.389701843,
,,,17.9036473E3,-57.389701843,
,,,17.9529676E3,-61.389701843,
,,,18.0022899E3,-61.389701843,
,,,18.0516102E3,-66.989700317,
,,,18.1009325E3,-66.989700317,
,,,18.1502528E3,-66.989700317,
,,,18.1995751E3,-66.989700317,
,,,18.2488954E3,-66.989700317,
,,,18.2982177E3,-64.589698792,
,,,18.3475380E3,-64.589698792,
,,,18.3968602E3,-60.589702606,
,,,18.4461806E3,-61.389701843,
,,,18.4955028E3,-60.589702606,
,,,18.5448251E3,-66.989700317,
,,,18.5941454E3,-64.589698792,
,,,18.6434677E3,-64.589698792,
,,,18.6927880E3,-64.589698792,
,,,18.7421103E3,-64.589698792,
,,,18.7914306E3,-64.589698792,
,,,18.8407528E3,-66.989700317,
,,,18.8900732E3,-66.989700317,
,,,18.9393954E3,-64.589698792,
,,,18.9887157E3,-64.589698792,
,,,19.0380380E3,-66.989700317,
,,,19.0873583E3,-66.989700317,
,,,19.1366806E3,-64.589698792,
,,,19.1860009E3,-66.989700317,
,,,19.2353232E3,-64.589698792,
,,,19.2846435E3,-66.989700317,
,,,19.3339658E3,-66.989700317,
,,,19.3832861E3,-66.989700317,
,,,19.4326083E3,-61.389701843,
,,,19.4819306E3,-60.589702606,
,,,19.5312509E3,-61.389701843,
,,,19.5805732E3,-66.989700317,
,,,19.6298935E3,-66.989700317,
,,,19.6792158E3,-66.989700317,
,,,19.7285361E3,-66.989700317,
,,,19.7778584E3,-66.989700317,
,,,19.8271787E3,-66.989700317,
,,,19.8765009E3,-66.989700317,
,,,19.9258213E3,-66.989700317,
,,,19.9751435E3,-66.989700317,
,,,20.0244638E3,-64.589698792,
,,,20.0737861E3,-64.589698792,
,,,20.12310642E3,-60.589702606,
,,,20.17242869E3,-61.389701843,
,,,20.22174901E3,-61.389701843,
,,,20.27107128E3,-66.989700317,
,,,20.32039159E3,-61.389701843,
,,,20.36971386E3,-57.389701843,
,,,20.41903613E3,-57.389701843,
,,,20.46835644E3,-60.589702606,
,,,20.51767871E3,-66.989700317,
,,,20.56699902E3,-60.589702606,
,,,20.61632129E3,-57.789699554,
,,,20.66564161E3,-57.789699554,
,,,20.71496387E3,-60.589702606,
,,,20.76428419E3,-66.989700317,
,,,20.81360646E3,-64.589698792,
,,,20.86292677E3,-55.389701843,
,,,20.91224904E3,-42.18970108,
,,,20.96156935E3,-37.78969955,
,,,21.01089162E3,-37.78969955,
,,,21.06021194E3,-38.98970032,
,,,21.10953421E3,-46.98970032,
,,,21.15885452E3,-60.589702606,
,,,21.20817679E3,-66.989700317,
,,,21.25749710E3,-66.989700317,
,,,21.30681937E3,-66.989700317,
,,,21.35613969E3,-66.989700317,
,,,21.40546195E3,-66.989700317,
,,,21.45478422E3,-66.989700317,
,,,21.50410454E3,-66.989700317,
,,,21.55342680E3,-60.589702606,
,,,21.60274712E3,-60.589702606,
,,,21.65206939E3,-66.989700317,
,,,21.70138970E3,-66.989700317,
,,,21.75071197E3,-66.989700317,
,,,21.80003229E3,-66.989700317,
,,,21.84935455E3,-61.389701843,
,,,21.89867487E3,-64.589698792,
,,,21.94799714E3,-60.589702606,
,,,21.99731745E3,-60.589702606,
,,,22.04663972E3,-61.389701843,
,,,22.09596003E3,-61.389701843,
,,,22.14528230E3,-66.989700317,
,,,22.19460262E3,-66.989700317,
,,,22.24392488E3,-60.589702606,
,,,22.29324520E3,-57.789699554,
,,,22.34256747E3,-57.389701843,
,,,22.39188974E3,-58.589702606,
,,,22.44121005E3,-60.589702606,
,,,22.49053232E3,-60.589702606,
,,,22.53985263E3,-61.389701843,
,,,22.58917490E3,-61.389701843,
,,,22.63849522E3,-64.589698792,
,,,22.68781748E3,-66.989700317,
,,,22.73713780E3,-66.989700317,
,,,22.78646007E3,-66.989700317,
,,,22.83578038E3,-66.989700317,
,,,22.88510265E3,-66.989700317,
,,,22.93442296E3,-66.989700317,
,,,22.98374523E3,-66.989700317,
,,,23.03306555E3,-61.389701843,
,,,23.08238782E3,-64.589698792,
,,,23.13170813E3,-66.989700317,
,,,23.18103040E3,-66.989700317,
,,,23.23035071E3,-66.989700317,
,,,23.27967298E3,-66.989700317,
,,,23.32899525E3,-66.989700317,
,,,23.37831556E3,-64.589698792,
,,,23.42763783E3,-64.589698792,
,,,23.47695815E3,-61.389701843,
,,,23.52628041E3,-66.989700317,
,,,23.57560073E3,-66.989700317,
,,,23.62492300E3,-66.989700317,
,,,23.67424331E3,-66.989700317,
,,,23.72356558E3,-64.589698792,
,,,23.77288589E3,-60.589702606,
,,,23.82220816E3,-60.589702606,
,,,23.87152848E3,-60.589702606,
,,,23.92085075E3,-60.589702606,
,,,23.97017106E3,-60.589702606,
,,,24.01949333E3,-64.589698792,
,,,24.06881364E3,-64.589698792,
,,,24.11813591E3,-64.589698792,
,,,24.16745623E3,-66.989700317,
,,,24.21677849E3,-66.989700317,
,,,24.26609881E3,-66.989700317,
,,,24.31542108E3,-66.989700317,
,,,24.36474334E3,-60.589702606,
,,,24.41406366E3,-60.589702606,
,,,24.46338593E3,-61.389701843,
,,,24.51270624E3,-61.389701843,
,,,24.56202851E3,-60.589702606,
,,,24.61134883E3,-64.589698792,
,,,24.66067109E3,-66.989700317,
,,,24.70999141E3,-66.989700317,
,,,24.75931368E3,-66.989700317,
,,,24.80863399E3,-66.989700317,
,,,24.85795626E3,-66.989700317,
,,,24.90727657E3,-66.989700317,
,,,24.95659884E3,-66.989700317,
,,,25.00591916E3,-66.989700317,
,,,25.05524142E3,-64.589698792,
,,,25.10456174E3,-66.989700317,
,,,25.15388401E3,-66.989700317,
,,,25.20320432E3,-66.989700317,
,,,25.25252659E3,-60.589702606,
,,,25.30184886E3,-66.989700317,
,,,25.35116917E3,-66.989700317,
,,,25.40049144E3,-66.989700317,
,,,25.44981176E3,-66.989700317,
,,,25.49913402E3,-66.989700317,
,,,25.54845434E3,-66.989700317,
,,,25.59777661E3,-66.989700317,
,,,25.64709692E3,-66.989700317,
,,,25.69641919E3,-66.989700317,
,,,25.74573950E3,-66.989700317,
,,,25.79506177E3,-64.589698792,
,,,25.84438209E3,-64.589698792,
,,,25.89370435E3,-60.589702606,
,,,25.94302467E3,-57.789699554,
,,,25.99234694E3,-55.389701843,
,,,26.04166725E3,-57.389701843,
,,,26.09098952E3,-60.589702606,
,,,26.14030984E3,-64.589698792,
,,,26.18963210E3,-60.589702606,
,,,26.23895437E3,-64.589698792,
,,,26.28827469E3,-64.589698792,
,,,26.33759695E3,-66.989700317,
,,,26.38691727E3,-66.989700317,
,,,26.43623954E3,-61.389701843,
,,,26.48555985E3,-61.389701843,
,,,26.53488212E3,-64.589698792,
,,,26.58420243E3,-66.989700317,
,,,26.63352470E3,-66.989700317,
,,,26.68284502E3,-66.989700317,
,,,26.73216729E3,-66.989700317,
,,,26.78148760E3,-66.989700317,
,,,26.83080987E3,-64.589698792,
,,,26.88013018E3,-53.38970184,
,,,26.92945245E3,-43.38970184,
,,,26.97877277E3,-41.38970184,
,,,27.02809503E3,-42.18970108,
,,,27.07741535E3,-45.38970184,
,,,27.12673762E3,-60.589702606,
,,,27.17605793E3,-61.389701843,
,,,27.22538020E3,-61.389701843,
,,,27.27470247E3,-57.789699554,
,,,27.32402278E3,-60.589702606,
,,,27.37334505E3,-64.589698792,
,,,27.42266537E3,-66.989700317,
,,,27.47198763E3,-66.989700317,
,,,27.52130795E3,-66.989700317,
,,,27.57063022E3,-66.989700317,
,,,27.61995053E3,-61.389701843,
,,,27.66927280E3,-61.389701843,
,,,27.71859311E3,-58.589702606,
,,,27.76791538E3,-58.589702606,
,,,27.81723570E3,-60.589702606,
,,,27.86655796E3,-64.589698792,
,,,27.91587828E3,-64.589698792,
,,,27.96520055E3,-66.989700317,
,,,28.01452086E3,-61.389701843,
,,,28.06384313E3,-60.589702606,
,,,28.11316344E3,-60.589702606,
,,,28.16248571E3,-66.989700317,
,,,28.21180798E3,-66.989700317,
,,,28.26112830E3,-66.989700317,
,,,28.31045056E3,-64.589698792,
,,,28.35977088E3,-61.389701843,
,,,28.40909315E3,-64.589698792,
,,,28.45841346E3,-64.589698792,
,,,28.50773573E3,-66.989700317,
,,,28.55705604E3,-64.589698792,
,,,28.60637831E3,-66.989700317,
,,,28.65569863E3,-66.989700317,
,,,28.70502089E3,-64.589698792,
,,,28.75434121E3,-60.589702606,
,,,28.80366348E3,-66.989700317,
,,,28.85298379E3,-61.389701843,
,,,28.90230606E3,-66.989700317,
,,,28.95162638E3,-64.589698792,
,,,29.00094864E3,-66.989700317,
,,,29.05026896E3,-66.989700317,
,,,29.09959123E3,-66.989700317,
,,,29.14891349E3,-66.989700317,
,,,29.19823381E3,-66.989700317,
,,,29.24755608E3,-66.989700317,
,,,29.29687639E3,-66.989700317,
,,,29.34619866E3,-66.989700317,
,,,29.39551897E3,-66.989700317,
,,,29.44484124E3,-66.989700317,
,,,29.49416156E3,-66.989700317,
,,,29.54348383E3,-64.589698792,
,,,29.59280414E3,-64.589698792,
,,,29.64212641E3,-64.589698792,
,,,29.69144672E3,-66.989700317,
,,,29.74076899E3,-60.589702606,
,,,29.79008931E3,-66.989700317,
,,,29.83941157E3,-66.989700317,
,,,29.88873189E3,-66.989700317,
,,,29.93805416E3,-60.589702606,
,,,29.98737447E3,-64.589698792,
,,,30.03669674E3,-66.989700317,
,,,30.08601705E3,-66.989700317,
,,,30.13533932E3,-66.989700317,
,,,30.18466159E3,-66.989700317,
,,,30.23398190E3,-66.989700317,
,,,30.28330417E3,-66.989700317,
,,,30.33262449E3,-66.989700317,
,,,30.38194676E3,-66.989700317,
,,,30.43126707E3,-64.589698792,
,,,30.48058934E3,-66.989700317,
,,,30.52990965E3,-64.589698792,
,,,30.57923192E3,-66.989700317,
,,,30.62855224E3,-64.589698792,
,,,30.67787450E3,-64.589698792,
,,,30.72719482E3,-66.989700317,
,,,30.77651709E3,-66.989700317,
,,,30.82583740E3,-66.989700317,
,,,30.87515967E3,-66.989700317,
,,,30.92447998E3,-66.989700317,
,,,30.97380225E3,-66.989700317,
,,,31.02312257E3,-66.989700317,
,,,31.07244484E3,-64.589698792,
,,,31.12176710E3,-64.589698792,
,,,31.17108742E3,-64.589698792,
,,,31.22040969E3,-64.589698792,
,,,31.26973000E3,-66.989700317,
,,,31.31905227E3,-66.989700317,
,,,31.36837258E3,-66.989700317,
,,,31.41769485E3,-66.989700317,
,,,31.46701517E3,-66.989700317,
,,,31.51633743E3,-64.589698792,
,,,31.56565775E3,-66.989700317,
,,,31.61498002E3,-66.989700317,
,,,31.66430033E3,-66.989700317,
,,,31.71362260E3,-64.589698792,
,,,31.76294291E3,-66.989700317,
,,,31.81226518E3,-64.589698792,
,,,31.86158550E3,-61.389701843,
,,,31.91090777E3,-61.389701843,
,,,31.96022808E3,-60.589702606,
,,,32.00955035E3,-66.989700317,
,,,32.05887262E3,-66.989700317,
,,,32.10819293E3,-64.589698792,
,,,32.15751520E3,-64.589698792,
,,,32.20683551E3,-66.989700317,
,,,32.25615778E3,-66.989700317,
,,,32.30547810E3,-66.989700317,
,,,32.35480036E3,-66.989700317,
,,,32.40412068E3,-60.589702606,
,,,32.45344295E3,-60.589702606,
,,,32.50276326E3,-61.389701843,
,,,32.55208553E3,-61.389701843,
,,,32.60140585E3,-60.589702606,
,,,32.65072811E3,-66.989700317,
,,,32.70004843E3,-64.589698792,
,,,32.74937070E3,-60.589702606,
,,,32.79869296E3,-66.989700317,
,,,32.84801328E3,-66.989700317,
,,,32.89733359E3,-57.789699554,
,,,32.94665391E3,-48.18970108,
,,,32.99597813E3,-46.98970032,
,,,33.04529844E3,-46.18970108,
,,,33.09461876E3,-51.38970184,
,,,33.14394298E3,-64.589698792,
,,,33.19326330E3,-61.389701843,
,,,33.24258361E3,-61.389701843,
,,,33.29190393E3,-57.789699554,
,,,33.34122815E3,-66.989700317,
,,,33.39054846E3,-66.989700317,
,,,33.43986878E3,-66.989700317,
,,,33.48918909E3,-66.989700317,
,,,33.53851331E3,-66.989700317,
,,,33.58783363E3,-66.989700317,
,,,33.63715394E3,-66.989700317,
,,,33.68647426E3,-64.589698792,
,,,33.73579848E3,-66.989700317,
,,,33.78511879E3,-66.989700317,
,,,33.83443911E3,-66.989700317,
,,,33.88375942E3,-66.989700317,
,,,33.93308364E3,-66.989700317,
,,,33.98240396E3,-58.589702606,
,,,34.03172427E3,-60.589702606,
,,,34.08104849E3,-64.589698792,
,,,34.13036881E3,-64.589698792,
,,,34.17968912E3,-58.589702606,
,,,34.22900944E3,-58.589702606,
,,,34.27833366E3,-60.589702606,
,,,34.32765397E3,-60.589702606,
,,,34.37697429E3,-60.589702606,
,,,34.42629460E3,-66.989700317,
,,,34.47561883E3,-64.589698792,
,,,34.52493914E3,-66.989700317,
,,,34.57425945E3,-66.989700317,
,,,34.62357977E3,-66.989700317,
,,,34.67290399E3,-64.589698792,
,,,34.72222431E3,-66.989700317,
,,,34.77154462E3,-60.589702606,
,,,34.82086494E3,-57.789699554,
,,,34.87018916E3,-57.789699554,
,,,34.91950947E3,-61.389701843,
,,,34.96882979E3,-66.989700317,
,,,35.01815401E3,-66.989700317,
,,,35.06747432E3,-66.989700317,
,,,35.11679464E3,-66.989700317,
,,,35.16611495E3,-66.989700317,
,,,35.21543917E3,-66.989700317,
,,,35.26475949E3,-61.389701843,
,,,35.31407980E3,-61.389701843,
,,,35.36340012E3,-60.589702606,
,,,35.41272434E3,-60.589702606,
,,,35.46204465E3,-64.589698792,
,,,35.51136497E3,-64.589698792,
,,,35.56068528E3,-66.989700317,
,,,35.61000950E3,-60.589702606,
,,,35.65932982E3,-60.589702606,
,,,35.70865013E3,-64.589698792,
,,,35.75797045E3,-60.589702606,
,,,35.80729467E3,-66.989700317,
,,,35.85661498E3,-61.389701843,
,,,35.90593530E3,-64.589698792,
,,,35.95525952E3,-57.389701843,
,,,36.00457984E3,-57.789699554,
,,,36.05390015E3,-66.989700317,
,,,36.10322046E3,-66.989700317,
,,,36.15254469E3,-66.989700317,
,,,36.20186500E3,-66.989700317,
,,,36.25118532E3,-66.989700317,
,,,36.30050563E3,-64.589698792,
,,,36.34982985E3,-61.389701843,
,,,36.39915017E3,-60.589702606,
,,,36.44847048E3,-60.589702606,
,,,36.49779080E3,-66.989700317,
,,,36.54711502E3,-66.989700317,
,,,36.59643533E3,-66.989700317,
,,,36.64575565E3,-66.989700317,
,,,36.69507596E3,-66.989700317,
,,,36.74440018E3,-66.989700317,
,,,36.79372050E3,-66.989700317,
,,,36.84304081E3,-61.389701843,
,,,36.89236113E3,-60.589702606,
,,,36.94168535E3,-57.789699554,
,,,36.99100566E3,-61.389701843,
,,,37.04032598E3,-64.589698792,
,,,37.08965020E3,-64.589698792,
,,,37.13897051E3,-66.989700317,
,,,37.18829083E3,-60.589702606,
,,,37.23761114E3,-58.589702606,
,,,37.28693536E3,-60.589702606,
,,,37.33625568E3,-61.389701843,
,,,37.38557599E3,-66.989700317,
,,,37.43489631E3,-60.589702606,
,,,37.48422053E3,-64.589698792,
,,,37.53354085E3,-66.989700317,
,,,37.58286116E3,-60.589702606,
,,,37.63218147E3,-64.589698792,
,,,37.68150570E3,-66.989700317,
,,,37.73082601E3,-66.989700317,
,,,37.78014633E3,-66.989700317,
,,,37.82946664E3,-66.989700317,
,,,37.87879086E3,-66.989700317,
,,,37.92811118E3,-64.589698792,
,,,37.97743149E3,-60.589702606,
,,,38.02675571E3,-54.989700317,
,,,38.07607603E3,-56.189701080,
,,,38.12539634E3,-57.389701843,
,,,38.17471666E3,-66.989700317,
,,,38.22404088E3,-64.589698792,
,,,38.27336119E3,-60.589702606,
,,,38.32268151E3,-60.589702606,
,,,38.37200182E3,-60.589702606,
,,,38.42132604E3,-64.589698792,
,,,38.47064636E3,-66.989700317,
,,,38.51996667E3,-66.989700317,
,,,38.56928699E3,-66.989700317,
,,,38.61861121E3,-66.989700317,
,,,38.66793152E3,-60.589702606,
,,,38.71725184E3,-60.589702606,
,,,38.76657215E3,-64.589698792,
,,,38.81589637E3,-60.589702606,
,,,38.86521669E3,-61.389701843,
,,,38.91453700E3,-53.38970184,
,,,38.96386123E3,-48.98970032,
,,,39.01318154E3,-48.98970032,
,,,39.06250186E3,-51.78969955,
,,,39.11182217E3,-57.789699554,
,,,39.16114639E3,-66.989700317,
,,,39.21046671E3,-66.989700317,
,,,39.25978702E3,-57.789699554,
,,,39.30910734E3,-61.389701843,
,,,39.35843156E3,-57.789699554,
,,,39.40775187E3,-66.989700317,
,,,39.45707219E3,-64.589698792,
,,,39.50639250E3,-60.589702606,
,,,39.55571672E3,-60.589702606,
,,,39.60503704E3,-64.589698792,
,,,39.65435735E3,-66.989700317,
,,,39.70367767E3,-66.989700317,
,,,39.75300189E3,-64.589698792,
,,,39.80232220E3,-61.389701843,
,,,39.85164252E3,-66.989700317,
,,,39.90096674E3,-64.589698792,
,,,39.95028705E3,-66.989700317,
,,,39.99960737E3,-64.589698792,
,,,40.04892768E3,-60.589702606,
,,,40.09825190E3,-60.589702606,
,,,40.14757222E3,-60.589702606,
,,,40.19689253E3,-64.589698792,
,,,40.24621285E3,-64.589698792,
,,,40.29553707E3,-66.989700317,
,,,40.34485739E3,-66.989700317,
,,,40.39417770E3,-66.989700317,
,,,40.44349801E3,-64.589698792,
,,,40.49282224E3,-66.989700317,
,,,40.54214255E3,-66.989700317,
,,,40.59146287E3,-66.989700317,
,,,40.64078318E3,-66.989700317,
,,,40.69010740E3,-64.589698792,
,,,40.73942772E3,-64.589698792,
,,,40.78874803E3,-64.589698792,
,,,40.83807225E3,-66.989700317,
,,,40.88739257E3,-64.589698792,
,,,40.93671288E3,-64.589698792,
,,,40.98603320E3,-64.589698792,
,,,41.03535742E3,-66.989700317,
,,,41.08467773E3,-66.989700317,
,,,41.13399805E3,-57.389701843,
,,,41.18331836E3,-60.589702606,
,,,41.23264258E3,-61.389701843,
,,,41.28196290E3,-66.989700317,
,,,41.33128321E3,-66.989700317,
,,,41.38060353E3,-66.989700317,
,,,41.42992775E3,-66.989700317,
,,,41.47924806E3,-66.989700317,
,,,41.52856838E3,-66.989700317,
,,,41.57788869E3,-66.989700317,
,,,41.62721291E3,-66.989700317,
,,,41.67653323E3,-64.589698792,
,,,41.72585354E3,-66.989700317,
,,,41.77517777E3,-66.989700317,
,,,41.82449808E3,-66.989700317,
,,,41.87381840E3,-66.989700317,
,,,41.92313871E3,-66.989700317,
,,,41.97246293E3,-66.989700317,
,,,42.02178325E3,-66.989700317,
,,,42.07110356E3,-64.589698792,
,,,42.12042388E3,-64.589698792,
,,,42.16974810E3,-66.989700317,
,,,42.21906841E3,-66.989700317,
,,,42.26838873E3,-66.989700317,
,,,42.31770904E3,-64.589698792,
,,,42.36703326E3,-60.589702606,
,,,42.41635358E3,-66.989700317,
,,,42.46567389E3,-66.989700317,
,,,42.51499421E3,-66.989700317,
,,,42.56431843E3,-60.589702606,
,,,42.61363874E3,-60.589702606,
,,,42.66295906E3,-61.389701843,
,,,42.71227937E3,-66.989700317,
,,,42.76160359E3,-66.989700317,
,,,42.81092391E3,-66.989700317,
,,,42.86024422E3,-66.989700317,
,,,42.90956844E3,-64.589698792,
,,,42.95888876E3,-61.389701843,
,,,43.00820907E3,-61.389701843,
,,,43.05752939E3,-64.589698792,
,,,43.10685361E3,-64.589698792,
,,,43.15617392E3,-64.589698792,
,,,43.20549424E3,-66.989700317,
,,,43.25481455E3,-66.989700317,
,,,43.30413878E3,-66.989700317,
,,,43.35345909E3,-66.989700317,
,,,43.40277941E3,-66.989700317,
,,,43.45209972E3,-66.989700317,
,,,43.50142394E3,-64.589698792,
,,,43.55074426E3,-64.589698792,
,,,43.60006457E3,-61.389701843,
,,,43.64938489E3,-61.389701843,
,,,43.69870911E3,-66.989700317,
,,,43.74802942E3,-64.589698792,
,,,43.79734974E3,-64.589698792,
,,,43.84667396E3,-64.589698792,
,,,43.89599427E3,-64.589698792,
,,,43.94531459E3,-56.189701080,
,,,43.99463490E3,-54.58970261,
,,,44.04395912E3,-54.58970261,
,,,44.09327944E3,-57.389701843,
,,,44.14259975E3,-64.589698792,
,,,44.19192007E3,-66.989700317,
,,,44.24124429E3,-66.989700317,
,,,44.29056460E3,-64.589698792,
,,,44.33988492E3,-60.589702606,
,,,44.38920523E3,-60.589702606,
,,,44.43852945E3,-66.989700317,
,,,44.48784977E3,-66.989700317,
,,,44.53717008E3,-64.589698792,
,,,44.58649040E3,-66.989700317,
,,,44.63581462E3,-66.989700317,
,,,44.68513493E3,-66.989700317,
,,,44.73445525E3,-64.589698792,
,,,44.78377947E3,-64.589698792,
,,,44.83309979E3,-60.589702606,
,,,44.88242010E3,-60.589702606,
,,,44.93174042E3,-54.58970261,
,,,44.98106464E3,-52.18970108,
,,,45.03038495E3,-52.18970108,
,,,45.07970527E3,-57.389701843,
,,,45.12902558E3,-60.589702606,
,,,45.17834980E3,-57.789699554,
,,,45.22767012E3,-64.589698792,
,,,45.27699043E3,-64.589698792,
,,,45.32631075E3,-64.589698792,
,,,45.37563497E3,-64.589698792,
,,,45.42495528E3,-64.589698792,
,,,45.47427560E3,-66.989700317,
,,,45.52359591E3,-66.989700317,
,,,45.57292013E3,-66.989700317,
,,,45.62224045E3,-61.389701843,
,,,45.67156076E3,-57.789699554,
,,,45.72088498E3,-57.789699554,
,,,45.77020530E3,-55.389701843,
,,,45.81952561E3,-57.389701843,
,,,45.86884593E3,-64.589698792,
,,,45.91817015E3,-66.989700317,
,,,45.96749046E3,-64.589698792,
,,,46.01681078E3,-61.389701843,
,,,46.06613109E3,-66.989700317,
,,,46.11545532E3,-66.989700317,
,,,46.16477563E3,-66.989700317,
,,,46.21409595E3,-66.989700317,
,,,46.26341626E3,-66.989700317,
,,,46.31274048E3,-66.989700317,
,,,46.36206080E3,-66.989700317,
,,,46.41138111E3,-66.989700317,
,,,46.46070143E3,-64.589698792,
,,,46.51002565E3,-64.589698792,
,,,46.55934596E3,-66.989700317,
,,,46.60866628E3,-66.989700317,
,,,46.65799050E3,-66.989700317,
,,,46.70731081E3,-64.589698792,
,,,46.75663113E3,-66.989700317,
,,,46.80595144E3,-66.989700317,
,,,46.85527566E3,-66.989700317,
,,,46.90459598E3,-64.589698792,
,,,46.95391629E3,-64.589698792,
,,,47.00323661E3,-66.989700317,
,,,47.05256083E3,-66.989700317,
,,,47.10188114E3,-64.589698792,
,,,47.15120146E3,-61.389701843,
,,,47.20052177E3,-57.389701843,
,,,47.24984599E3,-61.389701843,
,,,47.29916631E3,-66.989700317,
,,,47.34848662E3,-64.589698792,
,,,47.39780694E3,-64.589698792,
,,,47.44713116E3,-66.989700317,
,,,47.49645147E3,-60.589702606,
,,,47.54577179E3,-60.589702606,
,,,47.59509601E3,-60.589702606,
,,,47.64441633E3,-60.589702606,
,,,47.69373664E3,-60.589702606,
,,,47.74305696E3,-66.989700317,
,,,47.79238118E3,-66.989700317,
,,,47.84170149E3,-66.989700317,
,,,47.89102181E3,-64.589698792,
,,,47.94034212E3,-64.589698792,
,,,47.98966634E3,-66.989700317,
,,,48.03898666E3,-66.989700317,
,,,48.08830697E3,-66.989700317,
,,,48.13762729E3,-66.989700317,
,,,48.18695151E3,-66.989700317,
,,,48.23627182E3,-66.989700317,
,,,48.28559214E3,-66.989700317,
,,,48.33491245E3,-64.589698792,
,,,48.38423667E3,-61.389701843,
,,,48.43355699E3,-66.989700317,
,,,48.48287730E3,-61.389701843,
,,,48.53219762E3,-64.589698792,
,,,48.58152184E3,-66.989700317,
,,,48.63084215E3,-66.989700317,
,,,48.68016247E3,-66.989700317,
,,,48.72948669E3,-66.989700317,
,,,48.77880700E3,-66.989700317,
,,,48.82812732E3,-61.389701843,
,,,48.87744763E3,-64.589698792,
,,,48.92677186E3,-66.989700317,
,,,48.97609217E3,-66.989700317,
,,,49.02541248E3,-64.589698792,
,,,49.07473280E3,-61.389701843,
,,,49.12405702E3,-61.389701843,
,,,49.17337734E3,-61.389701843,
,,,49.22269765E3,-60.589702606,
,,,49.27201797E3,-58.589702606,
,,,49.32134219E3,-60.589702606,
,,,49.37066250E3,-60.589702606,
,,,49.41998282E3,-60.589702606,
,,,49.46930313E3,-60.589702606,
,,,49.51862735E3,-60.589702606,
,,,49.56794767E3,-64.589698792,
,,,49.61726798E3,-66.989700317,
,,,49.66659220E3,-66.989700317,
,,,49.71591252E3,-66.989700317,
,,,49.76523283E3,-64.589698792,
,,,49.81455315E3,-66.989700317,
,,,49.86387737E3,-66.989700317,
,,,49.91319768E3,-58.589702606,
,,,49.96251800E3,-53.38970184,
,,,50.01183831E3,-52.58969879,
,,,50.06116253E3,-52.18970108,
,,,50.11048285E3,-54.989700317,
,,,50.15980316E3,-66.989700317,
,,,50.20912348E3,-66.989700317,
,,,50.25844770E3,-64.589698792,
,,,50.30776801E3,-64.589698792,
,,,50.35708833E3,-66.989700317,
,,,50.40640864E3,-66.989700317,
,,,50.45573287E3,-66.989700317,
